task_id,source_model_path,output_model_path,source_cost,output_cost,cost_delta,source_file_size_bytes,output_file_size_bytes,file_size_delta,source_initializer_count,output_initializer_count,compressed_initializers,compressed_initializer_elements
task001,outputs\onnx\task001.onnx,outputs\candidates\dtype_ablation_20260609\task001_InitializerDtypeCompression.onnx,172,172,0,1433,1433,0,4,4,0,0
task002,outputs\onnx\task002.onnx,outputs\candidates\dtype_ablation_20260609\task002_InitializerDtypeCompression.onnx,1965,1565,-400,15506,15184,-322,32,32,1,400
task003,outputs\onnx\task003.onnx,outputs\candidates\dtype_ablation_20260609\task003_InitializerDtypeCompression.onnx,74,74,0,4167,4167,0,10,10,0,0
task004,outputs\onnx\task004.onnx,outputs\candidates\dtype_ablation_20260609\task004_InitializerDtypeCompression.onnx,3060,3060,0,2522,2522,0,4,4,0,0
task005,outputs\onnx\task005.onnx,outputs\candidates\dtype_ablation_20260609\task005_InitializerDtypeCompression.onnx,1044,782,-262,10910,10924,14,19,19,3,262
task006,outputs\onnx\task006.onnx,outputs\candidates\dtype_ablation_20260609\task006_InitializerDtypeCompression.onnx,339,339,0,1364,1364,0,10,10,0,0
task007,outputs\onnx\task007.onnx,outputs\candidates\dtype_ablation_20260609\task007_InitializerDtypeCompression.onnx,271,271,0,1603,1603,0,13,13,0,0
task008,outputs\onnx\task008.onnx,outputs\candidates\dtype_ablation_20260609\task008_InitializerDtypeCompression.onnx,382,382,0,7667,7667,0,21,21,0,0
task009,outputs\onnx\task009.onnx,outputs\candidates\dtype_ablation_20260609\task009_InitializerDtypeCompression.onnx,33147,7747,-25400,30956,5729,-25227,6,6,3,3800
task010,outputs\onnx\task010.onnx,outputs\candidates\dtype_ablation_20260609\task010_InitializerDtypeCompression.onnx,521,521,0,6061,6061,0,26,26,0,0
task011,outputs\onnx\task011.onnx,outputs\candidates\dtype_ablation_20260609\task011_InitializerDtypeCompression.onnx,7065,4766,-2299,10170,8615,-1555,22,22,10,2299
task012,outputs\onnx\task012.onnx,outputs\candidates\dtype_ablation_20260609\task012_InitializerDtypeCompression.onnx,587,587,0,1948,1948,0,13,13,0,0
task013,outputs\onnx\task013.onnx,outputs\candidates\dtype_ablation_20260609\task013_InitializerDtypeCompression.onnx,6795,4545,-2250,18384,18064,-320,16,16,10,2250
task014,outputs\onnx\task014.onnx,outputs\candidates\dtype_ablation_20260609\task014_InitializerDtypeCompression.onnx,0,0,0,14357,14357,0,0,0,0,0
task015,outputs\onnx\task015.onnx,outputs\candidates\dtype_ablation_20260609\task015_InitializerDtypeCompression.onnx,4500,4500,0,3798,3798,0,1,1,0,0
task016,outputs\onnx\task016.onnx,outputs\candidates\dtype_ablation_20260609\task016_InitializerDtypeCompression.onnx,90,90,0,158,158,0,1,1,0,0
task017,outputs\onnx\task017.onnx,outputs\candidates\dtype_ablation_20260609\task017_InitializerDtypeCompression.onnx,2419,2419,0,8620,8620,0,27,27,0,0
task018,outputs\onnx\task018.onnx,outputs\candidates\dtype_ablation_20260609\task018_InitializerDtypeCompression.onnx,3315,3315,0,32157,32157,0,31,31,0,0
task019,outputs\onnx\task019.onnx,outputs\candidates\dtype_ablation_20260609\task019_InitializerDtypeCompression.onnx,16326,3726,-12600,17887,5433,-12454,12,12,2,1800
task020,outputs\onnx\task020.onnx,outputs\candidates\dtype_ablation_20260609\task020_InitializerDtypeCompression.onnx,2406,1006,-1400,31378,30130,-1248,25,25,2,200
task021,outputs\onnx\task021.onnx,outputs\candidates\dtype_ablation_20260609\task021_InitializerDtypeCompression.onnx,16652,4052,-12600,38201,25757,-12444,20,20,2,1800
task022,outputs\onnx\task022.onnx,outputs\candidates\dtype_ablation_20260609\task022_InitializerDtypeCompression.onnx,531,531,0,43895,43895,0,24,24,0,0
task023,outputs\onnx\task023.onnx,outputs\candidates\dtype_ablation_20260609\task023_InitializerDtypeCompression.onnx,116,116,0,20138,20138,0,13,13,0,0
task024,outputs\onnx\task024.onnx,outputs\candidates\dtype_ablation_20260609\task024_InitializerDtypeCompression.onnx,765,765,0,3233,3233,0,11,11,0,0
task025,outputs\onnx\task025.onnx,outputs\candidates\dtype_ablation_20260609\task025_InitializerDtypeCompression.onnx,839,839,0,92727,92727,0,15,15,0,0
task026,outputs\onnx\task026.onnx,outputs\candidates\dtype_ablation_20260609\task026_InitializerDtypeCompression.onnx,312,312,0,1622,1622,0,8,8,0,0
task027,outputs\onnx\task027.onnx,outputs\candidates\dtype_ablation_20260609\task027_InitializerDtypeCompression.onnx,36154,14554,-21600,31135,9691,-21444,13,13,2,7200
task028,outputs\onnx\task028.onnx,outputs\candidates\dtype_ablation_20260609\task028_InitializerDtypeCompression.onnx,63050,25250,-37800,51218,13787,-37431,6,6,5,12600
task029,outputs\onnx\task029.onnx,outputs\candidates\dtype_ablation_20260609\task029_InitializerDtypeCompression.onnx,978,888,-90,13589,13600,11,15,15,1,90
task030,outputs\onnx\task030.onnx,outputs\candidates\dtype_ablation_20260609\task030_InitializerDtypeCompression.onnx,5171,2471,-2700,9441,6831,-2610,13,13,1,900
task031,outputs\onnx\task031.onnx,outputs\candidates\dtype_ablation_20260609\task031_InitializerDtypeCompression.onnx,470,470,0,3417,3417,0,13,13,0,0
task032,outputs\onnx\task032.onnx,outputs\candidates\dtype_ablation_20260609\task032_InitializerDtypeCompression.onnx,409,409,0,2347,2347,0,10,10,0,0
task033,outputs\onnx\task033.onnx,outputs\candidates\dtype_ablation_20260609\task033_InitializerDtypeCompression.onnx,369,369,0,1510,1510,0,6,6,0,0
task034,outputs\onnx\task034.onnx,outputs\candidates\dtype_ablation_20260609\task034_InitializerDtypeCompression.onnx,7701,7701,0,11293,11293,0,16,16,0,0
task035,outputs\onnx\task035.onnx,outputs\candidates\dtype_ablation_20260609\task035_InitializerDtypeCompression.onnx,1389,1089,-300,12869,12627,-242,32,32,1,100
task036,outputs\onnx\task036.onnx,outputs\candidates\dtype_ablation_20260609\task036_InitializerDtypeCompression.onnx,1299,1299,0,5866,5866,0,17,17,0,0
task037,outputs\onnx\task037.onnx,outputs\candidates\dtype_ablation_20260609\task037_InitializerDtypeCompression.onnx,25086,16788,-8298,20424,12789,-7635,13,13,4,8298
task038,outputs\onnx\task038.onnx,outputs\candidates\dtype_ablation_20260609\task038_InitializerDtypeCompression.onnx,493,493,0,2357,2357,0,13,13,0,0
task039,outputs\onnx\task039.onnx,outputs\candidates\dtype_ablation_20260609\task039_InitializerDtypeCompression.onnx,248,248,0,1913,1913,0,9,9,0,0
task040,outputs\onnx\task040.onnx,outputs\candidates\dtype_ablation_20260609\task040_InitializerDtypeCompression.onnx,370,370,0,4104,4104,0,20,20,0,0
task041,outputs\onnx\task041.onnx,outputs\candidates\dtype_ablation_20260609\task041_InitializerDtypeCompression.onnx,243,243,0,2228,2228,0,6,6,0,0
task042,outputs\onnx\task042.onnx,outputs\candidates\dtype_ablation_20260609\task042_InitializerDtypeCompression.onnx,888,588,-300,8398,8165,-233,18,18,1,100
task043,outputs\onnx\task043.onnx,outputs\candidates\dtype_ablation_20260609\task043_InitializerDtypeCompression.onnx,777,477,-300,1966,1770,-196,14,14,1,100
task044,outputs\onnx\task044.onnx,outputs\candidates\dtype_ablation_20260609\task044_InitializerDtypeCompression.onnx,6291,3599,-2692,148684,146220,-2464,59,59,2,1156
task045,outputs\onnx\task045.onnx,outputs\candidates\dtype_ablation_20260609\task045_InitializerDtypeCompression.onnx,244,244,0,1438,1438,0,12,12,0,0
task046,outputs\onnx\task046.onnx,outputs\candidates\dtype_ablation_20260609\task046_InitializerDtypeCompression.onnx,4446,2046,-2400,8963,6689,-2274,26,26,2,800
task047,outputs\onnx\task047.onnx,outputs\candidates\dtype_ablation_20260609\task047_InitializerDtypeCompression.onnx,747,504,-243,3246,3079,-167,11,11,1,81
task048,outputs\onnx\task048.onnx,outputs\candidates\dtype_ablation_20260609\task048_InitializerDtypeCompression.onnx,462,462,0,5695,5695,0,15,15,0,0
task049,outputs\onnx\task049.onnx,outputs\candidates\dtype_ablation_20260609\task049_InitializerDtypeCompression.onnx,942,642,-300,3516,3292,-224,12,12,1,100
task050,outputs\onnx\task050.onnx,outputs\candidates\dtype_ablation_20260609\task050_InitializerDtypeCompression.onnx,675,675,0,2540,2540,0,9,9,0,0
task051,outputs\onnx\task051.onnx,outputs\candidates\dtype_ablation_20260609\task051_InitializerDtypeCompression.onnx,658,658,0,3330,3330,0,12,12,0,0
task052,outputs\onnx\task052.onnx,outputs\candidates\dtype_ablation_20260609\task052_InitializerDtypeCompression.onnx,283,283,0,1277,1277,0,12,12,0,0
task053,outputs\onnx\task053.onnx,outputs\candidates\dtype_ablation_20260609\task053_InitializerDtypeCompression.onnx,270,270,0,175,175,0,1,1,0,0
task054,outputs\onnx\task054.onnx,outputs\candidates\dtype_ablation_20260609\task054_InitializerDtypeCompression.onnx,1061,1061,0,9728,9728,0,16,16,0,0
task055,outputs\onnx\task055.onnx,outputs\candidates\dtype_ablation_20260609\task055_InitializerDtypeCompression.onnx,5090,2390,-2700,21458,18836,-2622,37,37,1,900
task056,outputs\onnx\task056.onnx,outputs\candidates\dtype_ablation_20260609\task056_InitializerDtypeCompression.onnx,592,592,0,1515,1515,0,10,10,0,0
task057,outputs\onnx\task057.onnx,outputs\candidates\dtype_ablation_20260609\task057_InitializerDtypeCompression.onnx,99,99,0,1880,1880,0,4,4,0,0
task058,outputs\onnx\task058.onnx,outputs\candidates\dtype_ablation_20260609\task058_InitializerDtypeCompression.onnx,32257,13057,-19200,27439,8311,-19128,11,11,1,6400
task059,outputs\onnx\task059.onnx,outputs\candidates\dtype_ablation_20260609\task059_InitializerDtypeCompression.onnx,12909,5649,-7260,12715,5638,-7077,19,19,2,2420
task060,outputs\onnx\task060.onnx,outputs\candidates\dtype_ablation_20260609\task060_InitializerDtypeCompression.onnx,1057,727,-330,3039,2816,-223,18,18,1,110
task061,outputs\onnx\task061.onnx,outputs\candidates\dtype_ablation_20260609\task061_InitializerDtypeCompression.onnx,17726,4118,-13608,17030,3505,-13525,12,12,1,1944
task062,outputs\onnx\task062.onnx,outputs\candidates\dtype_ablation_20260609\task062_InitializerDtypeCompression.onnx,4713,2013,-2700,22124,19973,-2151,26,26,9,900
task063,outputs\onnx\task063.onnx,outputs\candidates\dtype_ablation_20260609\task063_InitializerDtypeCompression.onnx,276,276,0,3709,3709,0,13,13,0,0
task064,outputs\onnx\task064.onnx,outputs\candidates\dtype_ablation_20260609\task064_InitializerDtypeCompression.onnx,978,798,-180,5809,5772,-37,12,12,2,180
task065,outputs\onnx\task065.onnx,outputs\candidates\dtype_ablation_20260609\task065_InitializerDtypeCompression.onnx,561,561,0,2705,2705,0,12,12,0,0
task066,outputs\onnx\task066.onnx,outputs\candidates\dtype_ablation_20260609\task066_InitializerDtypeCompression.onnx,430,430,0,180173,180173,0,29,29,0,0
task067,outputs\onnx\task067.onnx,outputs\candidates\dtype_ablation_20260609\task067_InitializerDtypeCompression.onnx,165,165,0,892,892,0,4,4,0,0
task068,outputs\onnx\task068.onnx,outputs\candidates\dtype_ablation_20260609\task068_InitializerDtypeCompression.onnx,199,199,0,2335,2335,0,11,11,0,0
task069,outputs\onnx\task069.onnx,outputs\candidates\dtype_ablation_20260609\task069_InitializerDtypeCompression.onnx,7362,5162,-2200,32330,31472,-858,43,43,22,2200
task070,outputs\onnx\task070.onnx,outputs\candidates\dtype_ablation_20260609\task070_InitializerDtypeCompression.onnx,258,258,0,11844,11844,0,16,16,0,0
task071,outputs\onnx\task071.onnx,outputs\candidates\dtype_ablation_20260609\task071_InitializerDtypeCompression.onnx,8238,1938,-6300,12082,5845,-6237,12,12,1,900
task072,outputs\onnx\task072.onnx,outputs\candidates\dtype_ablation_20260609\task072_InitializerDtypeCompression.onnx,462,462,0,1625,1625,0,8,8,0,0
task073,outputs\onnx\task073.onnx,outputs\candidates\dtype_ablation_20260609\task073_InitializerDtypeCompression.onnx,4550,4550,0,3825,3825,0,2,2,0,0
task074,outputs\onnx\task074.onnx,outputs\candidates\dtype_ablation_20260609\task074_InitializerDtypeCompression.onnx,321,321,0,1824,1824,0,13,13,0,0
task075,outputs\onnx\task075.onnx,outputs\candidates\dtype_ablation_20260609\task075_InitializerDtypeCompression.onnx,509,509,0,7736,7736,0,30,30,0,0
task076,outputs\onnx\task076.onnx,outputs\candidates\dtype_ablation_20260609\task076_InitializerDtypeCompression.onnx,17538,8074,-9464,36146,26775,-9371,44,44,1,1352
task077,outputs\onnx\task077.onnx,outputs\candidates\dtype_ablation_20260609\task077_InitializerDtypeCompression.onnx,6972,6552,-420,9860,9503,-357,20,20,1,420
task078,outputs\onnx\task078.onnx,outputs\candidates\dtype_ablation_20260609\task078_InitializerDtypeCompression.onnx,276,276,0,2588,2588,0,11,11,0,0
task079,outputs\onnx\task079.onnx,outputs\candidates\dtype_ablation_20260609\task079_InitializerDtypeCompression.onnx,1301,1301,0,2695,2695,0,7,7,0,0
task080,outputs\onnx\task080.onnx,outputs\candidates\dtype_ablation_20260609\task080_InitializerDtypeCompression.onnx,9335,4126,-5209,18484,14240,-4244,31,31,9,1179
task081,outputs\onnx\task081.onnx,outputs\candidates\dtype_ablation_20260609\task081_InitializerDtypeCompression.onnx,627,627,0,3749,3749,0,17,17,0,0
task082,outputs\onnx\task082.onnx,outputs\candidates\dtype_ablation_20260609\task082_InitializerDtypeCompression.onnx,443,443,0,2282,2282,0,10,10,0,0
task083,outputs\onnx\task083.onnx,outputs\candidates\dtype_ablation_20260609\task083_InitializerDtypeCompression.onnx,9000,9000,0,7454,7454,0,1,1,0,0
task084,outputs\onnx\task084.onnx,outputs\candidates\dtype_ablation_20260609\task084_InitializerDtypeCompression.onnx,722,722,0,4301,4301,0,9,9,0,0
task085,outputs\onnx\task085.onnx,outputs\candidates\dtype_ablation_20260609\task085_InitializerDtypeCompression.onnx,558,558,0,2547,2547,0,14,14,0,0
task086,outputs\onnx\task086.onnx,outputs\candidates\dtype_ablation_20260609\task086_InitializerDtypeCompression.onnx,1153,769,-384,4727,4465,-262,19,19,2,128
task087,outputs\onnx\task087.onnx,outputs\candidates\dtype_ablation_20260609\task087_InitializerDtypeCompression.onnx,144,144,0,474,474,0,5,5,0,0
task088,outputs\onnx\task088.onnx,outputs\candidates\dtype_ablation_20260609\task088_InitializerDtypeCompression.onnx,10824,2760,-8064,14980,7084,-7896,18,18,2,1152
task089,outputs\onnx\task089.onnx,outputs\candidates\dtype_ablation_20260609\task089_InitializerDtypeCompression.onnx,879,879,0,17792,17792,0,25,25,0,0
task090,outputs\onnx\task090.onnx,outputs\candidates\dtype_ablation_20260609\task090_InitializerDtypeCompression.onnx,438,438,0,19660,19660,0,41,41,0,0
task091,outputs\onnx\task091.onnx,outputs\candidates\dtype_ablation_20260609\task091_InitializerDtypeCompression.onnx,963,963,0,4627,4627,0,14,14,0,0
task092,outputs\onnx\task092.onnx,outputs\candidates\dtype_ablation_20260609\task092_InitializerDtypeCompression.onnx,90,90,0,4299,4299,0,9,9,0,0
task093,outputs\onnx\task093.onnx,outputs\candidates\dtype_ablation_20260609\task093_InitializerDtypeCompression.onnx,667,667,0,5415,5415,0,15,15,0,0
task094,outputs\onnx\task094.onnx,outputs\candidates\dtype_ablation_20260609\task094_InitializerDtypeCompression.onnx,802,802,0,3767,3767,0,21,21,0,0
task095,outputs\onnx\task095.onnx,outputs\candidates\dtype_ablation_20260609\task095_InitializerDtypeCompression.onnx,4550,4550,0,3950,3950,0,2,2,0,0
task096,outputs\onnx\task096.onnx,outputs\candidates\dtype_ablation_20260609\task096_InitializerDtypeCompression.onnx,8858,6948,-1910,64252,62599,-1653,42,42,3,1310
task097,outputs\onnx\task097.onnx,outputs\candidates\dtype_ablation_20260609\task097_InitializerDtypeCompression.onnx,1938,1938,0,2494,2494,0,6,6,0,0
task098,outputs\onnx\task098.onnx,outputs\candidates\dtype_ablation_20260609\task098_InitializerDtypeCompression.onnx,4550,4550,0,3836,3836,0,2,2,0,0
task099,outputs\onnx\task099.onnx,outputs\candidates\dtype_ablation_20260609\task099_InitializerDtypeCompression.onnx,24550,24550,0,19839,19839,0,2,2,0,0
task100,outputs\onnx\task100.onnx,outputs\candidates\dtype_ablation_20260609\task100_InitializerDtypeCompression.onnx,335,335,0,4954,4954,0,14,14,0,0
task101,outputs\onnx\task101.onnx,outputs\candidates\dtype_ablation_20260609\task101_InitializerDtypeCompression.onnx,14360,9860,-4500,39301,35041,-4260,38,38,2,4500
task102,outputs\onnx\task102.onnx,outputs\candidates\dtype_ablation_20260609\task102_InitializerDtypeCompression.onnx,1137,849,-288,22167,22029,-138,12,12,2,288
task103,outputs\onnx\task103.onnx,outputs\candidates\dtype_ablation_20260609\task103_InitializerDtypeCompression.onnx,425,425,0,1669,1669,0,12,12,0,0
task104,outputs\onnx\task104.onnx,outputs\candidates\dtype_ablation_20260609\task104_InitializerDtypeCompression.onnx,5414,2255,-3159,6350,3703,-2647,16,16,7,1053
task105,outputs\onnx\task105.onnx,outputs\candidates\dtype_ablation_20260609\task105_InitializerDtypeCompression.onnx,36364,14764,-21600,35291,13847,-21444,12,12,2,7200
task106,outputs\onnx\task106.onnx,outputs\candidates\dtype_ablation_20260609\task106_InitializerDtypeCompression.onnx,746,746,0,2939,2939,0,16,16,0,0
task107,outputs\onnx\task107.onnx,outputs\candidates\dtype_ablation_20260609\task107_InitializerDtypeCompression.onnx,42039,28539,-13500,31191,18636,-12555,30,30,15,13500
task108,outputs\onnx\task108.onnx,outputs\candidates\dtype_ablation_20260609\task108_InitializerDtypeCompression.onnx,9000,9000,0,7454,7454,0,1,1,0,0
task109,outputs\onnx\task109.onnx,outputs\candidates\dtype_ablation_20260609\task109_InitializerDtypeCompression.onnx,2541,2541,0,5491,5491,0,14,14,0,0
task110,outputs\onnx\task110.onnx,outputs\candidates\dtype_ablation_20260609\task110_InitializerDtypeCompression.onnx,4623,4623,0,21494,21494,0,51,51,0,0
task111,outputs\onnx\task111.onnx,outputs\candidates\dtype_ablation_20260609\task111_InitializerDtypeCompression.onnx,248,248,0,1457,1457,0,9,9,0,0
task112,outputs\onnx\task112.onnx,outputs\candidates\dtype_ablation_20260609\task112_InitializerDtypeCompression.onnx,564,564,0,3987,3987,0,18,18,0,0
task113,outputs\onnx\task113.onnx,outputs\candidates\dtype_ablation_20260609\task113_InitializerDtypeCompression.onnx,270,270,0,499,499,0,1,1,0,0
task114,outputs\onnx\task114.onnx,outputs\candidates\dtype_ablation_20260609\task114_InitializerDtypeCompression.onnx,934,934,0,4719,4719,0,21,21,0,0
task115,outputs\onnx\task115.onnx,outputs\candidates\dtype_ablation_20260609\task115_InitializerDtypeCompression.onnx,429,429,0,5069,5069,0,20,20,0,0
task116,outputs\onnx\task116.onnx,outputs\candidates\dtype_ablation_20260609\task116_InitializerDtypeCompression.onnx,270,270,0,479,479,0,1,1,0,0
task117,outputs\onnx\task117.onnx,outputs\candidates\dtype_ablation_20260609\task117_InitializerDtypeCompression.onnx,2113,2113,0,8103,8103,0,40,40,0,0
task118,outputs\onnx\task118.onnx,outputs\candidates\dtype_ablation_20260609\task118_InitializerDtypeCompression.onnx,9433,9433,0,160396,160396,0,39,39,0,0
task119,outputs\onnx\task119.onnx,outputs\candidates\dtype_ablation_20260609\task119_InitializerDtypeCompression.onnx,5856,3984,-1872,25915,25294,-621,27,27,13,1872
task120,outputs\onnx\task120.onnx,outputs\candidates\dtype_ablation_20260609\task120_InitializerDtypeCompression.onnx,4550,4550,0,3836,3836,0,2,2,0,0
task121,outputs\onnx\task121.onnx,outputs\candidates\dtype_ablation_20260609\task121_InitializerDtypeCompression.onnx,366,366,0,3339,3339,0,17,17,0,0
task122,outputs\onnx\task122.onnx,outputs\candidates\dtype_ablation_20260609\task122_InitializerDtypeCompression.onnx,12550,12550,0,10236,10236,0,2,2,0,0
task123,outputs\onnx\task123.onnx,outputs\candidates\dtype_ablation_20260609\task123_InitializerDtypeCompression.onnx,8497,2197,-6300,8997,2778,-6219,13,13,1,900
task124,outputs\onnx\task124.onnx,outputs\candidates\dtype_ablation_20260609\task124_InitializerDtypeCompression.onnx,3113,1013,-2100,4339,4528,189,16,16,3,300
task125,outputs\onnx\task125.onnx,outputs\candidates\dtype_ablation_20260609\task125_InitializerDtypeCompression.onnx,644,644,0,3032,3032,0,10,10,0,0
task126,outputs\onnx\task126.onnx,outputs\candidates\dtype_ablation_20260609\task126_InitializerDtypeCompression.onnx,347,347,0,2765,2765,0,11,11,0,0
task127,outputs\onnx\task127.onnx,outputs\candidates\dtype_ablation_20260609\task127_InitializerDtypeCompression.onnx,4500,1800,-2700,3772,1129,-2643,1,1,1,900
task128,outputs\onnx\task128.onnx,outputs\candidates\dtype_ablation_20260609\task128_InitializerDtypeCompression.onnx,906,906,0,3365,3365,0,13,13,0,0
task129,outputs\onnx\task129.onnx,outputs\candidates\dtype_ablation_20260609\task129_InitializerDtypeCompression.onnx,258,258,0,1196,1196,0,10,10,0,0
task130,outputs\onnx\task130.onnx,outputs\candidates\dtype_ablation_20260609\task130_InitializerDtypeCompression.onnx,608,368,-240,1293,1111,-182,5,5,1,80
task131,outputs\onnx\task131.onnx,outputs\candidates\dtype_ablation_20260609\task131_InitializerDtypeCompression.onnx,4943,2243,-2700,12030,9411,-2619,17,17,1,900
task132,outputs\onnx\task132.onnx,outputs\candidates\dtype_ablation_20260609\task132_InitializerDtypeCompression.onnx,436,436,0,3762,3762,0,16,16,0,0
task133,outputs\onnx\task133.onnx,outputs\candidates\dtype_ablation_20260609\task133_InitializerDtypeCompression.onnx,1406822,463892,-942930,783434,295265,-488169,167,167,10,227910
task134,outputs\onnx\task134.onnx,outputs\candidates\dtype_ablation_20260609\task134_InitializerDtypeCompression.onnx,600,600,0,7220,7220,0,25,25,0,0
task135,outputs\onnx\task135.onnx,outputs\candidates\dtype_ablation_20260609\task135_InitializerDtypeCompression.onnx,54,54,0,381,381,0,3,3,0,0
task136,outputs\onnx\task136.onnx,outputs\candidates\dtype_ablation_20260609\task136_InitializerDtypeCompression.onnx,2229,1029,-1200,4980,4190,-790,17,17,4,400
task137,outputs\onnx\task137.onnx,outputs\candidates\dtype_ablation_20260609\task137_InitializerDtypeCompression.onnx,2028,2028,0,3864,3864,0,9,9,0,0
task138,outputs\onnx\task138.onnx,outputs\candidates\dtype_ablation_20260609\task138_InitializerDtypeCompression.onnx,789,789,0,11562,11562,0,11,11,0,0
task139,outputs\onnx\task139.onnx,outputs\candidates\dtype_ablation_20260609\task139_InitializerDtypeCompression.onnx,988,988,0,3865,3865,0,22,22,0,0
task140,outputs\onnx\task140.onnx,outputs\candidates\dtype_ablation_20260609\task140_InitializerDtypeCompression.onnx,144,144,0,474,474,0,5,5,0,0
task141,outputs\onnx\task141.onnx,outputs\candidates\dtype_ablation_20260609\task141_InitializerDtypeCompression.onnx,409,409,0,2345,2345,0,10,10,0,0
task142,outputs\onnx\task142.onnx,outputs\candidates\dtype_ablation_20260609\task142_InitializerDtypeCompression.onnx,9000,9000,0,7454,7454,0,1,1,0,0
task143,outputs\onnx\task143.onnx,outputs\candidates\dtype_ablation_20260609\task143_InitializerDtypeCompression.onnx,465,465,0,2690,2690,0,15,15,0,0
task144,outputs\onnx\task144.onnx,outputs\candidates\dtype_ablation_20260609\task144_InitializerDtypeCompression.onnx,322,322,0,1639,1639,0,8,8,0,0
task145,outputs\onnx\task145.onnx,outputs\candidates\dtype_ablation_20260609\task145_InitializerDtypeCompression.onnx,2979,2079,-900,31434,30612,-822,34,34,1,900
task146,outputs\onnx\task146.onnx,outputs\candidates\dtype_ablation_20260609\task146_InitializerDtypeCompression.onnx,203,203,0,1894,1894,0,10,10,0,0
task147,outputs\onnx\task147.onnx,outputs\candidates\dtype_ablation_20260609\task147_InitializerDtypeCompression.onnx,4550,4550,0,3825,3825,0,2,2,0,0
task148,outputs\onnx\task148.onnx,outputs\candidates\dtype_ablation_20260609\task148_InitializerDtypeCompression.onnx,1873,1009,-864,10573,9769,-804,16,16,1,288
task149,outputs\onnx\task149.onnx,outputs\candidates\dtype_ablation_20260609\task149_InitializerDtypeCompression.onnx,232,232,0,1404,1404,0,7,7,0,0
task150,outputs\onnx\task150.onnx,outputs\candidates\dtype_ablation_20260609\task150_InitializerDtypeCompression.onnx,302,302,0,1320,1320,0,5,5,0,0
task151,outputs\onnx\task151.onnx,outputs\candidates\dtype_ablation_20260609\task151_InitializerDtypeCompression.onnx,525,525,0,2352,2352,0,14,14,0,0
task152,outputs\onnx\task152.onnx,outputs\candidates\dtype_ablation_20260609\task152_InitializerDtypeCompression.onnx,9000,9000,0,7454,7454,0,1,1,0,0
task153,outputs\onnx\task153.onnx,outputs\candidates\dtype_ablation_20260609\task153_InitializerDtypeCompression.onnx,3320,3320,0,799256,799256,0,97,97,0,0
task154,outputs\onnx\task154.onnx,outputs\candidates\dtype_ablation_20260609\task154_InitializerDtypeCompression.onnx,4966,2266,-2700,7650,5031,-2619,8,8,1,900
task155,outputs\onnx\task155.onnx,outputs\candidates\dtype_ablation_20260609\task155_InitializerDtypeCompression.onnx,311,311,0,1347,1347,0,6,6,0,0
task156,outputs\onnx\task156.onnx,outputs\candidates\dtype_ablation_20260609\task156_InitializerDtypeCompression.onnx,2979,2079,-900,7856,7031,-825,15,15,1,900
task157,outputs\onnx\task157.onnx,outputs\candidates\dtype_ablation_20260609\task157_InitializerDtypeCompression.onnx,809080,479590,-329490,677188,348286,-328902,36,36,6,160638
task158,outputs\onnx\task158.onnx,outputs\candidates\dtype_ablation_20260609\task158_InitializerDtypeCompression.onnx,4613,3113,-1500,95337,94087,-1250,101,101,3,500
task159,outputs\onnx\task159.onnx,outputs\candidates\dtype_ablation_20260609\task159_InitializerDtypeCompression.onnx,12549,8489,-4060,12966,9155,-3811,16,16,4,4060
task160,outputs\onnx\task160.onnx,outputs\candidates\dtype_ablation_20260609\task160_InitializerDtypeCompression.onnx,571,571,0,2362,2362,0,13,13,0,0
task161,outputs\onnx\task161.onnx,outputs\candidates\dtype_ablation_20260609\task161_InitializerDtypeCompression.onnx,389,389,0,6008,6008,0,18,18,0,0
task162,outputs\onnx\task162.onnx,outputs\candidates\dtype_ablation_20260609\task162_InitializerDtypeCompression.onnx,183,183,0,2268,2268,0,11,11,0,0
task163,outputs\onnx\task163.onnx,outputs\candidates\dtype_ablation_20260609\task163_InitializerDtypeCompression.onnx,9439,3752,-5687,13875,8509,-5366,22,22,4,1573
task164,outputs\onnx\task164.onnx,outputs\candidates\dtype_ablation_20260609\task164_InitializerDtypeCompression.onnx,270,270,0,479,479,0,1,1,0,0
task165,outputs\onnx\task165.onnx,outputs\candidates\dtype_ablation_20260609\task165_InitializerDtypeCompression.onnx,3162,2262,-900,4910,4100,-810,15,15,1,900
task166,outputs\onnx\task166.onnx,outputs\candidates\dtype_ablation_20260609\task166_InitializerDtypeCompression.onnx,289,289,0,1628,1628,0,8,8,0,0
task167,outputs\onnx\task167.onnx,outputs\candidates\dtype_ablation_20260609\task167_InitializerDtypeCompression.onnx,1562,752,-810,2375,1652,-723,9,9,1,270
task168,outputs\onnx\task168.onnx,outputs\candidates\dtype_ablation_20260609\task168_InitializerDtypeCompression.onnx,1505,719,-786,7297,6924,-373,11,11,3,262
task169,outputs\onnx\task169.onnx,outputs\candidates\dtype_ablation_20260609\task169_InitializerDtypeCompression.onnx,4799,4199,-600,23816,23364,-452,71,71,2,200
task170,outputs\onnx\task170.onnx,outputs\candidates\dtype_ablation_20260609\task170_InitializerDtypeCompression.onnx,19255,8149,-11106,64849,54058,-10791,33,33,5,3702
task171,outputs\onnx\task171.onnx,outputs\candidates\dtype_ablation_20260609\task171_InitializerDtypeCompression.onnx,4550,4550,0,3825,3825,0,2,2,0,0
task172,outputs\onnx\task172.onnx,outputs\candidates\dtype_ablation_20260609\task172_InitializerDtypeCompression.onnx,270,270,0,479,479,0,1,1,0,0
task173,outputs\onnx\task173.onnx,outputs\candidates\dtype_ablation_20260609\task173_InitializerDtypeCompression.onnx,751,751,0,10108,10108,0,23,23,0,0
task174,outputs\onnx\task174.onnx,outputs\candidates\dtype_ablation_20260609\task174_InitializerDtypeCompression.onnx,614,614,0,61839,61839,0,24,24,0,0
task175,outputs\onnx\task175.onnx,outputs\candidates\dtype_ablation_20260609\task175_InitializerDtypeCompression.onnx,13760,8360,-5400,12320,7076,-5244,12,12,2,1800
task176,outputs\onnx\task176.onnx,outputs\candidates\dtype_ablation_20260609\task176_InitializerDtypeCompression.onnx,696,471,-225,1420,1259,-161,9,9,1,75
task177,outputs\onnx\task177.onnx,outputs\candidates\dtype_ablation_20260609\task177_InitializerDtypeCompression.onnx,945,945,0,4180,4180,0,12,12,0,0
task178,outputs\onnx\task178.onnx,outputs\candidates\dtype_ablation_20260609\task178_InitializerDtypeCompression.onnx,3009,2421,-588,11303,10778,-525,30,30,1,196
task179,outputs\onnx\task179.onnx,outputs\candidates\dtype_ablation_20260609\task179_InitializerDtypeCompression.onnx,0,0,0,170,170,0,0,0,0,0
task180,outputs\onnx\task180.onnx,outputs\candidates\dtype_ablation_20260609\task180_InitializerDtypeCompression.onnx,4658,4658,0,4414,4414,0,5,5,0,0
task181,outputs\onnx\task181.onnx,outputs\candidates\dtype_ablation_20260609\task181_InitializerDtypeCompression.onnx,672,672,0,3083,3083,0,21,21,0,0
task182,outputs\onnx\task182.onnx,outputs\candidates\dtype_ablation_20260609\task182_InitializerDtypeCompression.onnx,2930,2930,0,70465,70465,0,57,57,0,0
task183,outputs\onnx\task183.onnx,outputs\candidates\dtype_ablation_20260609\task183_InitializerDtypeCompression.onnx,250,250,0,4645,4645,0,9,9,0,0
task184,outputs\onnx\task184.onnx,outputs\candidates\dtype_ablation_20260609\task184_InitializerDtypeCompression.onnx,250,250,0,6934,6934,0,15,15,0,0
task185,outputs\onnx\task185.onnx,outputs\candidates\dtype_ablation_20260609\task185_InitializerDtypeCompression.onnx,595,595,0,18881,18881,0,19,19,0,0
task186,outputs\onnx\task186.onnx,outputs\candidates\dtype_ablation_20260609\task186_InitializerDtypeCompression.onnx,1994,914,-1080,2418,1425,-993,8,8,1,360
task187,outputs\onnx\task187.onnx,outputs\candidates\dtype_ablation_20260609\task187_InitializerDtypeCompression.onnx,1899,1899,0,8852,8852,0,14,14,0,0
task188,outputs\onnx\task188.onnx,outputs\candidates\dtype_ablation_20260609\task188_InitializerDtypeCompression.onnx,352,352,0,4356,4356,0,15,15,0,0
task189,outputs\onnx\task189.onnx,outputs\candidates\dtype_ablation_20260609\task189_InitializerDtypeCompression.onnx,1968,1968,0,8560,8560,0,55,55,0,0
task190,outputs\onnx\task190.onnx,outputs\candidates\dtype_ablation_20260609\task190_InitializerDtypeCompression.onnx,1538,1538,0,8781,8781,0,40,40,0,0
task191,outputs\onnx\task191.onnx,outputs\candidates\dtype_ablation_20260609\task191_InitializerDtypeCompression.onnx,773,773,0,132233,132233,0,39,39,0,0
task192,outputs\onnx\task192.onnx,outputs\candidates\dtype_ablation_20260609\task192_InitializerDtypeCompression.onnx,327,327,0,2511,2511,0,12,12,0,0
task193,outputs\onnx\task193.onnx,outputs\candidates\dtype_ablation_20260609\task193_InitializerDtypeCompression.onnx,327,327,0,1925,1925,0,12,12,0,0
task194,outputs\onnx\task194.onnx,outputs\candidates\dtype_ablation_20260609\task194_InitializerDtypeCompression.onnx,9000,9000,0,7454,7454,0,1,1,0,0
task195,outputs\onnx\task195.onnx,outputs\candidates\dtype_ablation_20260609\task195_InitializerDtypeCompression.onnx,4073,4073,0,5381,5381,0,10,10,0,0
task196,outputs\onnx\task196.onnx,outputs\candidates\dtype_ablation_20260609\task196_InitializerDtypeCompression.onnx,431,431,0,3457,3457,0,14,14,0,0
task197,outputs\onnx\task197.onnx,outputs\candidates\dtype_ablation_20260609\task197_InitializerDtypeCompression.onnx,92,92,0,1758,1758,0,7,7,0,0
task198,outputs\onnx\task198.onnx,outputs\candidates\dtype_ablation_20260609\task198_InitializerDtypeCompression.onnx,2799,1899,-900,6979,6160,-819,14,14,1,900
task199,outputs\onnx\task199.onnx,outputs\candidates\dtype_ablation_20260609\task199_InitializerDtypeCompression.onnx,378,378,0,2948,2948,0,14,14,0,0
task200,outputs\onnx\task200.onnx,outputs\candidates\dtype_ablation_20260609\task200_InitializerDtypeCompression.onnx,965,965,0,14101,14101,0,36,36,0,0
task201,outputs\onnx\task201.onnx,outputs\candidates\dtype_ablation_20260609\task201_InitializerDtypeCompression.onnx,3246,2401,-845,10924,10379,-545,20,20,5,845
task202,outputs\onnx\task202.onnx,outputs\candidates\dtype_ablation_20260609\task202_InitializerDtypeCompression.onnx,50,50,0,3582,3582,0,5,5,0,0
task203,outputs\onnx\task203.onnx,outputs\candidates\dtype_ablation_20260609\task203_InitializerDtypeCompression.onnx,3544,1600,-1944,6437,4649,-1788,15,15,2,648
task204,outputs\onnx\task204.onnx,outputs\candidates\dtype_ablation_20260609\task204_InitializerDtypeCompression.onnx,3202,2302,-900,5801,4973,-828,13,13,1,900
task205,outputs\onnx\task205.onnx,outputs\candidates\dtype_ablation_20260609\task205_InitializerDtypeCompression.onnx,1114,1114,0,48510,48510,0,58,58,0,0
task206,outputs\onnx\task206.onnx,outputs\candidates\dtype_ablation_20260609\task206_InitializerDtypeCompression.onnx,1020,876,-144,20303,20219,-84,33,33,1,144
task207,outputs\onnx\task207.onnx,outputs\candidates\dtype_ablation_20260609\task207_InitializerDtypeCompression.onnx,307,307,0,2330,2330,0,15,15,0,0
task208,outputs\onnx\task208.onnx,outputs\candidates\dtype_ablation_20260609\task208_InitializerDtypeCompression.onnx,1806,1806,0,15885,15885,0,39,39,0,0
task209,outputs\onnx\task209.onnx,outputs\candidates\dtype_ablation_20260609\task209_InitializerDtypeCompression.onnx,116524,73684,-42840,327966,285910,-42056,73,73,12,6120
task210,outputs\onnx\task210.onnx,outputs\candidates\dtype_ablation_20260609\task210_InitializerDtypeCompression.onnx,270,270,0,479,479,0,1,1,0,0
task211,outputs\onnx\task211.onnx,outputs\candidates\dtype_ablation_20260609\task211_InitializerDtypeCompression.onnx,9000,9000,0,7454,7454,0,1,1,0,0
task212,outputs\onnx\task212.onnx,outputs\candidates\dtype_ablation_20260609\task212_InitializerDtypeCompression.onnx,1321,721,-600,6853,6401,-452,16,16,2,200
task213,outputs\onnx\task213.onnx,outputs\candidates\dtype_ablation_20260609\task213_InitializerDtypeCompression.onnx,660,660,0,25091,25091,0,18,18,0,0
task214,outputs\onnx\task214.onnx,outputs\candidates\dtype_ablation_20260609\task214_InitializerDtypeCompression.onnx,9000,9000,0,7454,7454,0,1,1,0,0
task215,outputs\onnx\task215.onnx,outputs\candidates\dtype_ablation_20260609\task215_InitializerDtypeCompression.onnx,559,559,0,4015,4015,0,19,19,0,0
task216,outputs\onnx\task216.onnx,outputs\candidates\dtype_ablation_20260609\task216_InitializerDtypeCompression.onnx,888,888,0,20396,20396,0,10,10,0,0
task217,outputs\onnx\task217.onnx,outputs\candidates\dtype_ablation_20260609\task217_InitializerDtypeCompression.onnx,5649,4749,-900,7268,6473,-795,12,12,1,900
task218,outputs\onnx\task218.onnx,outputs\candidates\dtype_ablation_20260609\task218_InitializerDtypeCompression.onnx,328,328,0,9594,9594,0,21,21,0,0
task219,outputs\onnx\task219.onnx,outputs\candidates\dtype_ablation_20260609\task219_InitializerDtypeCompression.onnx,16894,11494,-5400,87016,81817,-5199,99,99,2,1800
task220,outputs\onnx\task220.onnx,outputs\candidates\dtype_ablation_20260609\task220_InitializerDtypeCompression.onnx,4500,4500,0,3798,3798,0,1,1,0,0
task221,outputs\onnx\task221.onnx,outputs\candidates\dtype_ablation_20260609\task221_InitializerDtypeCompression.onnx,15246,10246,-5000,13333,8923,-4410,26,26,10,5000
task222,outputs\onnx\task222.onnx,outputs\candidates\dtype_ablation_20260609\task222_InitializerDtypeCompression.onnx,405,405,0,2578,2578,0,11,11,0,0
task223,outputs\onnx\task223.onnx,outputs\candidates\dtype_ablation_20260609\task223_InitializerDtypeCompression.onnx,9000,9000,0,7454,7454,0,1,1,0,0
task224,outputs\onnx\task224.onnx,outputs\candidates\dtype_ablation_20260609\task224_InitializerDtypeCompression.onnx,1006,1006,0,6314,6314,0,17,17,0,0
task225,outputs\onnx\task225.onnx,outputs\candidates\dtype_ablation_20260609\task225_InitializerDtypeCompression.onnx,3168,1440,-1728,5386,3910,-1476,17,17,4,576
task226,outputs\onnx\task226.onnx,outputs\candidates\dtype_ablation_20260609\task226_InitializerDtypeCompression.onnx,867,567,-300,4694,4465,-229,15,15,1,100
task227,outputs\onnx\task227.onnx,outputs\candidates\dtype_ablation_20260609\task227_InitializerDtypeCompression.onnx,339,339,0,1435,1435,0,10,10,0,0
task228,outputs\onnx\task228.onnx,outputs\candidates\dtype_ablation_20260609\task228_InitializerDtypeCompression.onnx,562,562,0,4406,4406,0,15,15,0,0
task229,outputs\onnx\task229.onnx,outputs\candidates\dtype_ablation_20260609\task229_InitializerDtypeCompression.onnx,357,357,0,1735,1735,0,12,12,0,0
task230,outputs\onnx\task230.onnx,outputs\candidates\dtype_ablation_20260609\task230_InitializerDtypeCompression.onnx,4500,4500,0,3798,3798,0,1,1,0,0
task231,outputs\onnx\task231.onnx,outputs\candidates\dtype_ablation_20260609\task231_InitializerDtypeCompression.onnx,866,866,0,3468,3468,0,13,13,0,0
task232,outputs\onnx\task232.onnx,outputs\candidates\dtype_ablation_20260609\task232_InitializerDtypeCompression.onnx,389,389,0,2435,2435,0,14,14,0,0
task233,outputs\onnx\task233.onnx,outputs\candidates\dtype_ablation_20260609\task233_InitializerDtypeCompression.onnx,661410,222606,-438804,924434,487447,-436987,65,65,19,63804
task234,outputs\onnx\task234.onnx,outputs\candidates\dtype_ablation_20260609\task234_InitializerDtypeCompression.onnx,4347,2907,-1440,8285,7025,-1260,8,8,3,1440
task235,outputs\onnx\task235.onnx,outputs\candidates\dtype_ablation_20260609\task235_InitializerDtypeCompression.onnx,750,750,0,3931,3931,0,19,19,0,0
task236,outputs\onnx\task236.onnx,outputs\candidates\dtype_ablation_20260609\task236_InitializerDtypeCompression.onnx,322,322,0,1511,1511,0,8,8,0,0
task237,outputs\onnx\task237.onnx,outputs\candidates\dtype_ablation_20260609\task237_InitializerDtypeCompression.onnx,317,317,0,2237,2237,0,11,11,0,0
task238,outputs\onnx\task238.onnx,outputs\candidates\dtype_ablation_20260609\task238_InitializerDtypeCompression.onnx,4527,4527,0,11927,11927,0,40,40,0,0
task239,outputs\onnx\task239.onnx,outputs\candidates\dtype_ablation_20260609\task239_InitializerDtypeCompression.onnx,1284,1014,-270,4143,3954,-189,19,19,1,270
task240,outputs\onnx\task240.onnx,outputs\candidates\dtype_ablation_20260609\task240_InitializerDtypeCompression.onnx,582,582,0,3953,3953,0,20,20,0,0
task241,outputs\onnx\task241.onnx,outputs\candidates\dtype_ablation_20260609\task241_InitializerDtypeCompression.onnx,0,0,0,170,170,0,0,0,0,0
task242,outputs\onnx\task242.onnx,outputs\candidates\dtype_ablation_20260609\task242_InitializerDtypeCompression.onnx,324,324,0,2031,2031,0,5,5,0,0
task243,outputs\onnx\task243.onnx,outputs\candidates\dtype_ablation_20260609\task243_InitializerDtypeCompression.onnx,154,154,0,23390,23390,0,14,14,0,0
task244,outputs\onnx\task244.onnx,outputs\candidates\dtype_ablation_20260609\task244_InitializerDtypeCompression.onnx,761,761,0,6538,6538,0,31,31,0,0
task245,outputs\onnx\task245.onnx,outputs\candidates\dtype_ablation_20260609\task245_InitializerDtypeCompression.onnx,2537,2537,0,6141,6141,0,16,16,0,0
task246,outputs\onnx\task246.onnx,outputs\candidates\dtype_ablation_20260609\task246_InitializerDtypeCompression.onnx,1079,1079,0,3824,3824,0,11,11,0,0
task247,outputs\onnx\task247.onnx,outputs\candidates\dtype_ablation_20260609\task247_InitializerDtypeCompression.onnx,241,241,0,2056,2056,0,6,6,0,0
task248,outputs\onnx\task248.onnx,outputs\candidates\dtype_ablation_20260609\task248_InitializerDtypeCompression.onnx,270,270,0,2328,2328,0,11,11,0,0
task249,outputs\onnx\task249.onnx,outputs\candidates\dtype_ablation_20260609\task249_InitializerDtypeCompression.onnx,1699,799,-900,2901,2137,-764,14,14,2,300
task250,outputs\onnx\task250.onnx,outputs\candidates\dtype_ablation_20260609\task250_InitializerDtypeCompression.onnx,1354,1354,0,13543,13543,0,19,19,0,0
task251,outputs\onnx\task251.onnx,outputs\candidates\dtype_ablation_20260609\task251_InitializerDtypeCompression.onnx,2871,1971,-900,6906,6090,-816,13,13,1,900
task252,outputs\onnx\task252.onnx,outputs\candidates\dtype_ablation_20260609\task252_InitializerDtypeCompression.onnx,2570,1220,-1350,4879,3691,-1188,19,19,2,450
task253,outputs\onnx\task253.onnx,outputs\candidates\dtype_ablation_20260609\task253_InitializerDtypeCompression.onnx,2407,1447,-960,3510,2670,-840,13,13,2,320
task254,outputs\onnx\task254.onnx,outputs\candidates\dtype_ablation_20260609\task254_InitializerDtypeCompression.onnx,1086,843,-243,6052,5891,-161,27,27,1,81
task255,outputs\onnx\task255.onnx,outputs\candidates\dtype_ablation_20260609\task255_InitializerDtypeCompression.onnx,58680,37290,-21390,106804,85748,-21056,10,10,5,15810
task256,outputs\onnx\task256.onnx,outputs\candidates\dtype_ablation_20260609\task256_InitializerDtypeCompression.onnx,6313,2764,-3549,8793,5400,-3393,17,17,2,1183
task257,outputs\onnx\task257.onnx,outputs\candidates\dtype_ablation_20260609\task257_InitializerDtypeCompression.onnx,409,409,0,1669,1669,0,11,11,0,0
task258,outputs\onnx\task258.onnx,outputs\candidates\dtype_ablation_20260609\task258_InitializerDtypeCompression.onnx,4550,4550,0,3836,3836,0,2,2,0,0
task259,outputs\onnx\task259.onnx,outputs\candidates\dtype_ablation_20260609\task259_InitializerDtypeCompression.onnx,382,382,0,3882,3882,0,15,15,0,0
task260,outputs\onnx\task260.onnx,outputs\candidates\dtype_ablation_20260609\task260_InitializerDtypeCompression.onnx,778,778,0,3320,3320,0,15,15,0,0
task261,outputs\onnx\task261.onnx,outputs\candidates\dtype_ablation_20260609\task261_InitializerDtypeCompression.onnx,1000,1000,0,995,995,0,1,1,0,0
task262,outputs\onnx\task262.onnx,outputs\candidates\dtype_ablation_20260609\task262_InitializerDtypeCompression.onnx,253,253,0,1329,1329,0,11,11,0,0
task263,outputs\onnx\task263.onnx,outputs\candidates\dtype_ablation_20260609\task263_InitializerDtypeCompression.onnx,456,456,0,10867,10867,0,27,27,0,0
task264,outputs\onnx\task264.onnx,outputs\candidates\dtype_ablation_20260609\task264_InitializerDtypeCompression.onnx,3234,2505,-729,10074,9897,-177,38,38,9,729
task265,outputs\onnx\task265.onnx,outputs\candidates\dtype_ablation_20260609\task265_InitializerDtypeCompression.onnx,513,513,0,3110,3110,0,13,13,0,0
task266,outputs\onnx\task266.onnx,outputs\candidates\dtype_ablation_20260609\task266_InitializerDtypeCompression.onnx,4550,4550,0,3825,3825,0,2,2,0,0
task267,outputs\onnx\task267.onnx,outputs\candidates\dtype_ablation_20260609\task267_InitializerDtypeCompression.onnx,591,591,0,1624,1624,0,13,13,0,0
task268,outputs\onnx\task268.onnx,outputs\candidates\dtype_ablation_20260609\task268_InitializerDtypeCompression.onnx,791,791,0,19789,19789,0,30,30,0,0
task269,outputs\onnx\task269.onnx,outputs\candidates\dtype_ablation_20260609\task269_InitializerDtypeCompression.onnx,568,568,0,3349,3349,0,18,18,0,0
task270,outputs\onnx\task270.onnx,outputs\candidates\dtype_ablation_20260609\task270_InitializerDtypeCompression.onnx,2660,1310,-1350,10862,9662,-1200,21,21,2,450
task271,outputs\onnx\task271.onnx,outputs\candidates\dtype_ablation_20260609\task271_InitializerDtypeCompression.onnx,439,439,0,1993,1993,0,10,10,0,0
task272,outputs\onnx\task272.onnx,outputs\candidates\dtype_ablation_20260609\task272_InitializerDtypeCompression.onnx,4550,4550,0,3825,3825,0,2,2,0,0
task273,outputs\onnx\task273.onnx,outputs\candidates\dtype_ablation_20260609\task273_InitializerDtypeCompression.onnx,270,270,0,2414,2414,0,13,13,0,0
task274,outputs\onnx\task274.onnx,outputs\candidates\dtype_ablation_20260609\task274_InitializerDtypeCompression.onnx,2057,977,-1080,3619,2626,-993,11,11,1,360
task275,outputs\onnx\task275.onnx,outputs\candidates\dtype_ablation_20260609\task275_InitializerDtypeCompression.onnx,8736,6036,-2700,24193,21673,-2520,27,27,3,2700
task276,outputs\onnx\task276.onnx,outputs\candidates\dtype_ablation_20260609\task276_InitializerDtypeCompression.onnx,90,90,0,217,217,0,1,1,0,0
task277,outputs\onnx\task277.onnx,outputs\candidates\dtype_ablation_20260609\task277_InitializerDtypeCompression.onnx,29850,25179,-4671,57052,53358,-3694,39,39,8,1557
task278,outputs\onnx\task278.onnx,outputs\candidates\dtype_ablation_20260609\task278_InitializerDtypeCompression.onnx,1923,951,-972,3294,2397,-897,13,13,1,324
task279,outputs\onnx\task279.onnx,outputs\candidates\dtype_ablation_20260609\task279_InitializerDtypeCompression.onnx,1510,742,-768,4658,3950,-708,8,8,1,256
task280,outputs\onnx\task280.onnx,outputs\candidates\dtype_ablation_20260609\task280_InitializerDtypeCompression.onnx,396,396,0,16655,16655,0,11,11,0,0
task281,outputs\onnx\task281.onnx,outputs\candidates\dtype_ablation_20260609\task281_InitializerDtypeCompression.onnx,2499,2499,0,7659,7659,0,15,15,0,0
task282,outputs\onnx\task282.onnx,outputs\candidates\dtype_ablation_20260609\task282_InitializerDtypeCompression.onnx,4500,4500,0,3798,3798,0,1,1,0,0
task283,outputs\onnx\task283.onnx,outputs\candidates\dtype_ablation_20260609\task283_InitializerDtypeCompression.onnx,4550,4550,0,3825,3825,0,2,2,0,0
task284,outputs\onnx\task284.onnx,outputs\candidates\dtype_ablation_20260609\task284_InitializerDtypeCompression.onnx,19017,6417,-12600,30975,18531,-12444,19,19,2,1800
task285,outputs\onnx\task285.onnx,outputs\candidates\dtype_ablation_20260609\task285_InitializerDtypeCompression.onnx,10215,7515,-2700,32591,29975,-2616,37,37,1,900
task286,outputs\onnx\task286.onnx,outputs\candidates\dtype_ablation_20260609\task286_InitializerDtypeCompression.onnx,4145,2895,-1250,13714,12623,-1091,20,20,2,1250
task287,outputs\onnx\task287.onnx,outputs\candidates\dtype_ablation_20260609\task287_InitializerDtypeCompression.onnx,247,247,0,1686,1686,0,13,13,0,0
task288,outputs\onnx\task288.onnx,outputs\candidates\dtype_ablation_20260609\task288_InitializerDtypeCompression.onnx,353,353,0,7847,7847,0,15,15,0,0
task289,outputs\onnx\task289.onnx,outputs\candidates\dtype_ablation_20260609\task289_InitializerDtypeCompression.onnx,520,520,0,2883,2883,0,17,17,0,0
task290,outputs\onnx\task290.onnx,outputs\candidates\dtype_ablation_20260609\task290_InitializerDtypeCompression.onnx,35612,9838,-25774,38476,13622,-24854,42,42,11,3682
task291,outputs\onnx\task291.onnx,outputs\candidates\dtype_ablation_20260609\task291_InitializerDtypeCompression.onnx,4731,2031,-2700,6009,3381,-2628,9,9,1,900
task292,outputs\onnx\task292.onnx,outputs\candidates\dtype_ablation_20260609\task292_InitializerDtypeCompression.onnx,621,621,0,1411,1411,0,9,9,0,0
task293,outputs\onnx\task293.onnx,outputs\candidates\dtype_ablation_20260609\task293_InitializerDtypeCompression.onnx,4377,1227,-3150,9897,6903,-2994,20,20,2,450
task294,outputs\onnx\task294.onnx,outputs\candidates\dtype_ablation_20260609\task294_InitializerDtypeCompression.onnx,4550,4550,0,3825,3825,0,2,2,0,0
task295,outputs\onnx\task295.onnx,outputs\candidates\dtype_ablation_20260609\task295_InitializerDtypeCompression.onnx,389,389,0,2771,2771,0,11,11,0,0
task296,outputs\onnx\task296.onnx,outputs\candidates\dtype_ablation_20260609\task296_InitializerDtypeCompression.onnx,1877,932,-945,2843,1982,-861,11,11,1,315
task297,outputs\onnx\task297.onnx,outputs\candidates\dtype_ablation_20260609\task297_InitializerDtypeCompression.onnx,364,364,0,2651,2651,0,17,17,0,0
task298,outputs\onnx\task298.onnx,outputs\candidates\dtype_ablation_20260609\task298_InitializerDtypeCompression.onnx,2786,1304,-1482,5059,4005,-1054,19,19,7,494
task299,outputs\onnx\task299.onnx,outputs\candidates\dtype_ablation_20260609\task299_InitializerDtypeCompression.onnx,414,414,0,1980,1980,0,8,8,0,0
task300,outputs\onnx\task300.onnx,outputs\candidates\dtype_ablation_20260609\task300_InitializerDtypeCompression.onnx,1113,1113,0,4688,4688,0,14,14,0,0
task301,outputs\onnx\task301.onnx,outputs\candidates\dtype_ablation_20260609\task301_InitializerDtypeCompression.onnx,16567,3967,-12600,19240,6795,-12445,10,10,2,1800
task302,outputs\onnx\task302.onnx,outputs\candidates\dtype_ablation_20260609\task302_InitializerDtypeCompression.onnx,257,257,0,3609,3609,0,10,10,0,0
task303,outputs\onnx\task303.onnx,outputs\candidates\dtype_ablation_20260609\task303_InitializerDtypeCompression.onnx,1550,1550,0,2084,2084,0,4,4,0,0
task304,outputs\onnx\task304.onnx,outputs\candidates\dtype_ablation_20260609\task304_InitializerDtypeCompression.onnx,538,295,-243,2136,1963,-173,9,9,1,81
task305,outputs\onnx\task305.onnx,outputs\candidates\dtype_ablation_20260609\task305_InitializerDtypeCompression.onnx,1452,1452,0,1865,1865,0,4,4,0,0
task306,outputs\onnx\task306.onnx,outputs\candidates\dtype_ablation_20260609\task306_InitializerDtypeCompression.onnx,610,610,0,4101,4101,0,32,32,0,0
task307,outputs\onnx\task307.onnx,outputs\candidates\dtype_ablation_20260609\task307_InitializerDtypeCompression.onnx,9000,9000,0,7454,7454,0,1,1,0,0
task308,outputs\onnx\task308.onnx,outputs\candidates\dtype_ablation_20260609\task308_InitializerDtypeCompression.onnx,978,978,0,6118,6118,0,17,17,0,0
task309,outputs\onnx\task309.onnx,outputs\candidates\dtype_ablation_20260609\task309_InitializerDtypeCompression.onnx,90,90,0,217,217,0,1,1,0,0
task310,outputs\onnx\task310.onnx,outputs\candidates\dtype_ablation_20260609\task310_InitializerDtypeCompression.onnx,2553,1977,-576,5449,5083,-366,18,18,3,192
task311,outputs\onnx\task311.onnx,outputs\candidates\dtype_ablation_20260609\task311_InitializerDtypeCompression.onnx,270,270,0,479,479,0,1,1,0,0
task312,outputs\onnx\task312.onnx,outputs\candidates\dtype_ablation_20260609\task312_InitializerDtypeCompression.onnx,171,171,0,1202,1202,0,9,9,0,0
task313,outputs\onnx\task313.onnx,outputs\candidates\dtype_ablation_20260609\task313_InitializerDtypeCompression.onnx,40857,9357,-31500,39887,8827,-31060,12,12,5,4500
task314,outputs\onnx\task314.onnx,outputs\candidates\dtype_ablation_20260609\task314_InitializerDtypeCompression.onnx,1558,1558,0,28414,28414,0,83,83,0,0
task315,outputs\onnx\task315.onnx,outputs\candidates\dtype_ablation_20260609\task315_InitializerDtypeCompression.onnx,551,308,-243,1520,1347,-173,10,10,1,81
task316,outputs\onnx\task316.onnx,outputs\candidates\dtype_ablation_20260609\task316_InitializerDtypeCompression.onnx,276,276,0,5537,5537,0,15,15,0,0
task317,outputs\onnx\task317.onnx,outputs\candidates\dtype_ablation_20260609\task317_InitializerDtypeCompression.onnx,4500,4500,0,3798,3798,0,1,1,0,0
task318,outputs\onnx\task318.onnx,outputs\candidates\dtype_ablation_20260609\task318_InitializerDtypeCompression.onnx,322,322,0,1569,1569,0,8,8,0,0
task319,outputs\onnx\task319.onnx,outputs\candidates\dtype_ablation_20260609\task319_InitializerDtypeCompression.onnx,26814,26514,-300,169127,168894,-233,714,714,1,100
task320,outputs\onnx\task320.onnx,outputs\candidates\dtype_ablation_20260609\task320_InitializerDtypeCompression.onnx,565,565,0,2183,2183,0,11,11,0,0
task321,outputs\onnx\task321.onnx,outputs\candidates\dtype_ablation_20260609\task321_InitializerDtypeCompression.onnx,731,431,-300,2449,2216,-233,11,11,1,100
task322,outputs\onnx\task322.onnx,outputs\candidates\dtype_ablation_20260609\task322_InitializerDtypeCompression.onnx,185,185,0,1194,1194,0,6,6,0,0
task323,outputs\onnx\task323.onnx,outputs\candidates\dtype_ablation_20260609\task323_InitializerDtypeCompression.onnx,1199,692,-507,8184,7737,-447,17,17,1,169
task324,outputs\onnx\task324.onnx,outputs\candidates\dtype_ablation_20260609\task324_InitializerDtypeCompression.onnx,18223,7780,-10443,26906,16541,-10365,36,36,1,3481
task325,outputs\onnx\task325.onnx,outputs\candidates\dtype_ablation_20260609\task325_InitializerDtypeCompression.onnx,3996,3996,0,5072,5072,0,22,22,0,0
task326,outputs\onnx\task326.onnx,outputs\candidates\dtype_ablation_20260609\task326_InitializerDtypeCompression.onnx,54,54,0,388,388,0,3,3,0,0
task327,outputs\onnx\task327.onnx,outputs\candidates\dtype_ablation_20260609\task327_InitializerDtypeCompression.onnx,200,200,0,2235,2235,0,9,9,0,0
task328,outputs\onnx\task328.onnx,outputs\candidates\dtype_ablation_20260609\task328_InitializerDtypeCompression.onnx,9300,8328,-972,16269,15486,-783,27,27,3,972
task329,outputs\onnx\task329.onnx,outputs\candidates\dtype_ablation_20260609\task329_InitializerDtypeCompression.onnx,326,326,0,2361,2361,0,10,10,0,0
task330,outputs\onnx\task330.onnx,outputs\candidates\dtype_ablation_20260609\task330_InitializerDtypeCompression.onnx,6049,6049,0,43441,43441,0,136,136,0,0
task331,outputs\onnx\task331.onnx,outputs\candidates\dtype_ablation_20260609\task331_InitializerDtypeCompression.onnx,4550,4550,0,3836,3836,0,2,2,0,0
task332,outputs\onnx\task332.onnx,outputs\candidates\dtype_ablation_20260609\task332_InitializerDtypeCompression.onnx,1398,1398,0,4135,4135,0,15,15,0,0
task333,outputs\onnx\task333.onnx,outputs\candidates\dtype_ablation_20260609\task333_InitializerDtypeCompression.onnx,393,393,0,4379,4379,0,19,19,0,0
task334,outputs\onnx\task334.onnx,outputs\candidates\dtype_ablation_20260609\task334_InitializerDtypeCompression.onnx,1553,743,-810,2063,1340,-723,8,8,1,270
task335,outputs\onnx\task335.onnx,outputs\candidates\dtype_ablation_20260609\task335_InitializerDtypeCompression.onnx,694,694,0,3914,3914,0,17,17,0,0
task336,outputs\onnx\task336.onnx,outputs\candidates\dtype_ablation_20260609\task336_InitializerDtypeCompression.onnx,505,505,0,5276,5276,0,12,12,0,0
task337,outputs\onnx\task337.onnx,outputs\candidates\dtype_ablation_20260609\task337_InitializerDtypeCompression.onnx,90,90,0,159,159,0,1,1,0,0
task338,outputs\onnx\task338.onnx,outputs\candidates\dtype_ablation_20260609\task338_InitializerDtypeCompression.onnx,3335,2710,-625,5846,5314,-532,9,9,1,625
task339,outputs\onnx\task339.onnx,outputs\candidates\dtype_ablation_20260609\task339_InitializerDtypeCompression.onnx,636,393,-243,2038,1874,-164,11,11,1,81
task340,outputs\onnx\task340.onnx,outputs\candidates\dtype_ablation_20260609\task340_InitializerDtypeCompression.onnx,949,949,0,6593,6593,0,26,26,0,0
task341,outputs\onnx\task341.onnx,outputs\candidates\dtype_ablation_20260609\task341_InitializerDtypeCompression.onnx,2549,2549,0,11979,11979,0,52,52,0,0
task342,outputs\onnx\task342.onnx,outputs\candidates\dtype_ablation_20260609\task342_InitializerDtypeCompression.onnx,1258,1258,0,4815,4815,0,16,16,0,0
task343,outputs\onnx\task343.onnx,outputs\candidates\dtype_ablation_20260609\task343_InitializerDtypeCompression.onnx,2597,2597,0,7569,7569,0,16,16,0,0
task344,outputs\onnx\task344.onnx,outputs\candidates\dtype_ablation_20260609\task344_InitializerDtypeCompression.onnx,12550,12550,0,10236,10236,0,2,2,0,0
task345,outputs\onnx\task345.onnx,outputs\candidates\dtype_ablation_20260609\task345_InitializerDtypeCompression.onnx,4741,2041,-2700,6721,4096,-2625,13,13,1,900
task346,outputs\onnx\task346.onnx,outputs\candidates\dtype_ablation_20260609\task346_InitializerDtypeCompression.onnx,641,398,-243,2236,2087,-149,12,12,1,81
task347,outputs\onnx\task347.onnx,outputs\candidates\dtype_ablation_20260609\task347_InitializerDtypeCompression.onnx,339,339,0,1369,1369,0,10,10,0,0
task348,outputs\onnx\task348.onnx,outputs\candidates\dtype_ablation_20260609\task348_InitializerDtypeCompression.onnx,463,463,0,3000,3000,0,12,12,0,0
task349,outputs\onnx\task349.onnx,outputs\candidates\dtype_ablation_20260609\task349_InitializerDtypeCompression.onnx,258,258,0,8755,8755,0,22,22,0,0
task350,outputs\onnx\task350.onnx,outputs\candidates\dtype_ablation_20260609\task350_InitializerDtypeCompression.onnx,1473,1473,0,2670,2670,0,9,9,0,0
task351,outputs\onnx\task351.onnx,outputs\candidates\dtype_ablation_20260609\task351_InitializerDtypeCompression.onnx,354,354,0,3049,3049,0,7,7,0,0
task352,outputs\onnx\task352.onnx,outputs\candidates\dtype_ablation_20260609\task352_InitializerDtypeCompression.onnx,234,234,0,1398,1398,0,7,7,0,0
task353,outputs\onnx\task353.onnx,outputs\candidates\dtype_ablation_20260609\task353_InitializerDtypeCompression.onnx,745,745,0,3244,3244,0,13,13,0,0
task354,outputs\onnx\task354.onnx,outputs\candidates\dtype_ablation_20260609\task354_InitializerDtypeCompression.onnx,1335,1035,-300,4335,4096,-239,24,24,1,100
task355,outputs\onnx\task355.onnx,outputs\candidates\dtype_ablation_20260609\task355_InitializerDtypeCompression.onnx,1057,1057,0,4506,4506,0,12,12,0,0
task356,outputs\onnx\task356.onnx,outputs\candidates\dtype_ablation_20260609\task356_InitializerDtypeCompression.onnx,394,394,0,2344,2344,0,10,10,0,0
task357,outputs\onnx\task357.onnx,outputs\candidates\dtype_ablation_20260609\task357_InitializerDtypeCompression.onnx,270,270,0,2328,2328,0,11,11,0,0
task358,outputs\onnx\task358.onnx,outputs\candidates\dtype_ablation_20260609\task358_InitializerDtypeCompression.onnx,1446,1446,0,10944,10944,0,37,37,0,0
task359,outputs\onnx\task359.onnx,outputs\candidates\dtype_ablation_20260609\task359_InitializerDtypeCompression.onnx,840,840,0,3909,3909,0,9,9,0,0
task360,outputs\onnx\task360.onnx,outputs\candidates\dtype_ablation_20260609\task360_InitializerDtypeCompression.onnx,320,320,0,1399,1399,0,15,15,0,0
task361,outputs\onnx\task361.onnx,outputs\candidates\dtype_ablation_20260609\task361_InitializerDtypeCompression.onnx,2337,937,-1400,6930,5676,-1254,20,20,2,200
task362,outputs\onnx\task362.onnx,outputs\candidates\dtype_ablation_20260609\task362_InitializerDtypeCompression.onnx,804,504,-300,2814,2572,-242,11,11,1,100
task363,outputs\onnx\task363.onnx,outputs\candidates\dtype_ablation_20260609\task363_InitializerDtypeCompression.onnx,193391,79091,-114300,169035,54945,-114090,50,50,3,38100
task364,outputs\onnx\task364.onnx,outputs\candidates\dtype_ablation_20260609\task364_InitializerDtypeCompression.onnx,1095,1095,0,7050,7050,0,36,36,0,0
task365,outputs\onnx\task365.onnx,outputs\candidates\dtype_ablation_20260609\task365_InitializerDtypeCompression.onnx,627,627,0,17605,17605,0,12,12,0,0
task366,outputs\onnx\task366.onnx,outputs\candidates\dtype_ablation_20260609\task366_InitializerDtypeCompression.onnx,260211,112581,-147630,1256725,1110175,-146550,79,79,9,48310
task367,outputs\onnx\task367.onnx,outputs\candidates\dtype_ablation_20260609\task367_InitializerDtypeCompression.onnx,219324,106254,-113070,227696,119927,-107769,322,322,56,37690
task368,outputs\onnx\task368.onnx,outputs\candidates\dtype_ablation_20260609\task368_InitializerDtypeCompression.onnx,511,511,0,14770,14770,0,32,32,0,0
task369,outputs\onnx\task369.onnx,outputs\candidates\dtype_ablation_20260609\task369_InitializerDtypeCompression.onnx,2717,1217,-1500,4692,3350,-1342,11,11,2,500
task370,outputs\onnx\task370.onnx,outputs\candidates\dtype_ablation_20260609\task370_InitializerDtypeCompression.onnx,5221,5221,0,37248,37248,0,134,134,0,0
task371,outputs\onnx\task371.onnx,outputs\candidates\dtype_ablation_20260609\task371_InitializerDtypeCompression.onnx,557,557,0,2475,2475,0,14,14,0,0
task372,outputs\onnx\task372.onnx,outputs\candidates\dtype_ablation_20260609\task372_InitializerDtypeCompression.onnx,270,270,0,1328,1328,0,9,9,0,0
task373,outputs\onnx\task373.onnx,outputs\candidates\dtype_ablation_20260609\task373_InitializerDtypeCompression.onnx,239,239,0,988,988,0,8,8,0,0
task374,outputs\onnx\task374.onnx,outputs\candidates\dtype_ablation_20260609\task374_InitializerDtypeCompression.onnx,2091,1491,-600,16450,16016,-434,27,27,2,600
task375,outputs\onnx\task375.onnx,outputs\candidates\dtype_ablation_20260609\task375_InitializerDtypeCompression.onnx,367,367,0,2214,2214,0,12,12,0,0
task376,outputs\onnx\task376.onnx,outputs\candidates\dtype_ablation_20260609\task376_InitializerDtypeCompression.onnx,343,343,0,2344,2344,0,7,7,0,0
task377,outputs\onnx\task377.onnx,outputs\candidates\dtype_ablation_20260609\task377_InitializerDtypeCompression.onnx,7019,4994,-2025,19220,17510,-1710,17,17,5,2025
task378,outputs\onnx\task378.onnx,outputs\candidates\dtype_ablation_20260609\task378_InitializerDtypeCompression.onnx,2524,2092,-432,10496,10127,-369,17,17,1,144
task379,outputs\onnx\task379.onnx,outputs\candidates\dtype_ablation_20260609\task379_InitializerDtypeCompression.onnx,5364,3764,-1600,9996,8648,-1348,29,29,4,1600
task380,outputs\onnx\task380.onnx,outputs\candidates\dtype_ablation_20260609\task380_InitializerDtypeCompression.onnx,149,149,0,531,531,0,6,6,0,0
task381,outputs\onnx\task381.onnx,outputs\candidates\dtype_ablation_20260609\task381_InitializerDtypeCompression.onnx,4709,2009,-2700,5721,3078,-2643,9,9,1,900
task382,outputs\onnx\task382.onnx,outputs\candidates\dtype_ablation_20260609\task382_InitializerDtypeCompression.onnx,54738,22338,-32400,65997,34347,-31650,27,27,12,10800
task383,outputs\onnx\task383.onnx,outputs\candidates\dtype_ablation_20260609\task383_InitializerDtypeCompression.onnx,2829,1929,-900,6805,5965,-840,11,11,1,900
task384,outputs\onnx\task384.onnx,outputs\candidates\dtype_ablation_20260609\task384_InitializerDtypeCompression.onnx,1215,1215,0,4542,4542,0,13,13,0,0
task385,outputs\onnx\task385.onnx,outputs\candidates\dtype_ablation_20260609\task385_InitializerDtypeCompression.onnx,270,270,0,175,175,0,1,1,0,0
task386,outputs\onnx\task386.onnx,outputs\candidates\dtype_ablation_20260609\task386_InitializerDtypeCompression.onnx,339,339,0,1471,1471,0,10,10,0,0
task387,outputs\onnx\task387.onnx,outputs\candidates\dtype_ablation_20260609\task387_InitializerDtypeCompression.onnx,12790,12790,0,82676,82676,0,249,249,0,0
task388,outputs\onnx\task388.onnx,outputs\candidates\dtype_ablation_20260609\task388_InitializerDtypeCompression.onnx,1515,1515,0,6368,6368,0,30,30,0,0
task389,outputs\onnx\task389.onnx,outputs\candidates\dtype_ablation_20260609\task389_InitializerDtypeCompression.onnx,250,250,0,1421,1421,0,9,9,0,0
task390,outputs\onnx\task390.onnx,outputs\candidates\dtype_ablation_20260609\task390_InitializerDtypeCompression.onnx,5249,2549,-2700,7851,5232,-2619,11,11,1,900
task391,outputs\onnx\task391.onnx,outputs\candidates\dtype_ablation_20260609\task391_InitializerDtypeCompression.onnx,245,245,0,2841,2841,0,12,12,0,0
task392,outputs\onnx\task392.onnx,outputs\candidates\dtype_ablation_20260609\task392_InitializerDtypeCompression.onnx,11286,6186,-5100,13503,8583,-4920,35,35,3,1700
task393,outputs\onnx\task393.onnx,outputs\candidates\dtype_ablation_20260609\task393_InitializerDtypeCompression.onnx,245,245,0,2433,2433,0,12,12,0,0
task394,outputs\onnx\task394.onnx,outputs\candidates\dtype_ablation_20260609\task394_InitializerDtypeCompression.onnx,311,311,0,5312,5312,0,14,14,0,0
task395,outputs\onnx\task395.onnx,outputs\candidates\dtype_ablation_20260609\task395_InitializerDtypeCompression.onnx,339,339,0,1479,1479,0,10,10,0,0
task396,outputs\onnx\task396.onnx,outputs\candidates\dtype_ablation_20260609\task396_InitializerDtypeCompression.onnx,110040,38512,-71528,128748,61751,-66997,160,160,53,10328
task397,outputs\onnx\task397.onnx,outputs\candidates\dtype_ablation_20260609\task397_InitializerDtypeCompression.onnx,1099,799,-300,7101,6878,-223,30,30,1,100
task398,outputs\onnx\task398.onnx,outputs\candidates\dtype_ablation_20260609\task398_InitializerDtypeCompression.onnx,6714,2339,-4375,8682,4370,-4312,26,26,1,625
task399,outputs\onnx\task399.onnx,outputs\candidates\dtype_ablation_20260609\task399_InitializerDtypeCompression.onnx,2144,2144,0,1907,1907,0,4,4,0,0
task400,outputs\onnx\task400.onnx,outputs\candidates\dtype_ablation_20260609\task400_InitializerDtypeCompression.onnx,345,345,0,3021,3021,0,6,6,0,0
