task_id,model_cost,init_name,shape,dtype,num_elements,nbytes,init_class,is_permutation,is_row_bank,is_interval_table,is_mask_bank,is_template_bank,is_transform_bank,is_one_hot,one_hot_ratio,num_unique,value_range,sparsity,consumer_ops,downstream_chain,can_be_gather,can_be_formula,can_be_small_conv,decompilation_notes
task157,809080,plac_idx_963,1044x150,int32,156600,626400,template_bank,False,False,False,False,True,False,False,0.0,544,"[15,603]",0.0,Gather,Gatherâ†’Reshapeâ†’ReduceSumâ†’Mulâ†’Gatherâ†’Gatherâ†’Gatherâ†’Gatherâ†’Gatherâ†’ReduceSum,False,False,False,
task133,1406822,anchor_vector_bank,8100x1x10x1x1,float32,81000,324000,sparse_binary_mask,False,False,False,True,False,False,False,0.1,2,"[0.0,1.0]",0.9,Gather,Gatherâ†’Reshapeâ†’Mulâ†’ReduceSum,True,False,False,
task133,1406822,non_anchor_vector_bank,8100x1x10x1x1,float32,81000,324000,sparse_one_hot,False,False,False,False,False,False,False,0.8,2,"[0.0,1.0]",0.2,Gather,Gatherâ†’Reshapeâ†’Mulâ†’ReduceSum,True,False,False,
task133,1406822,patch_starts_bank,8100x4,int64,32400,259200,row_bank_lookup,False,True,False,False,False,False,False,0.0,30,"[0,29]",0.5167,Gather,Gatherâ†’Reshapeâ†’Sliceâ†’Mul,False,False,False,
task133,1406822,patch_ends_bank,8100x4,int64,32400,259200,row_bank_lookup,False,True,False,False,False,False,False,0.0,33,"[1,35]",0.0,Gather,Gatherâ†’Reshapeâ†’Sliceâ†’Mul,False,False,False,
task363,193391,wk,100x1x19x19,float32,36100,144400,sparse_binary_mask,False,False,False,True,False,False,False,0.0526,2,"[0.0,1.0]",0.9972,Conv,Convâ†’Convâ†’Mulâ†’ReduceSumâ†’ReduceSumâ†’Mulâ†’Mulâ†’Mulâ†’Mulâ†’Mul,True,False,False,
task233,661410,combo,3125x5,int64,15625,125000,row_bank_lookup,False,True,False,False,False,False,False,0.0,5,"[0,4]",0.2,Gather,Gatherâ†’Sliceâ†’Sliceâ†’Sliceâ†’Sliceâ†’Sliceâ†’Gatherâ†’Gatherâ†’Gatherâ†’Gather,False,False,False,
task366,260211,/Constant_721_output_0,1x10x29x59,float32,17110,68440,sparse_binary_mask,False,False,False,True,False,False,False,0.0,1,"[0.0,0.0]",1.0,Concat,Concatâ†’Concatâ†’Concatâ†’Concatâ†’Convâ†’Convâ†’Convâ†’Convâ†’Convâ†’Conv,True,False,False,
task233,661410,onnx::ReduceSum_3118,3125x5,float32,15625,62500,unknown,False,False,False,False,False,False,False,0.0003,21,"[0.0,2500.0]",0.2,ReduceSum,ReduceSumâ†’Whereâ†’ReduceMinâ†’Equalâ†’Castâ†’Equal,False,False,False,
task028,63050,bg,1x10x30x30,float32,9000,36000,dense_binary_bank,False,False,False,True,False,False,False,0.0,2,"[0.0,1.0]",0.9947,Add,Add,False,False,False,
task366,260211,/Constant_874_output_0,1x10x30x30,float32,9000,36000,sparse_binary_mask,False,False,False,True,False,False,False,0.0,1,"[0.0,0.0]",1.0,Concat,Concatâ†’Concatâ†’Concatâ†’Concatâ†’Concatâ†’Concatâ†’Concatâ†’Concatâ†’Concatâ†’Concat,True,False,False,
task366,260211,/Constant_1281_output_0,10x30x30,float32,9000,36000,sparse_binary_mask,False,False,False,True,False,False,False,0.0,1,"[0.0,0.0]",1.0,ScatterND;Add,ScatterNDâ†’ScatterNDâ†’ScatterNDâ†’ScatterNDâ†’Addâ†’ScatterNDâ†’ScatterNDâ†’ScatterNDâ†’ScatterNDâ†’ScatterND,True,False,False,
task366,260211,/Constant_720_output_0,1x10x30x29,float32,8700,34800,sparse_binary_mask,False,False,False,True,False,False,False,0.0,1,"[0.0,0.0]",1.0,Concat,Concatâ†’Concatâ†’Concatâ†’Concatâ†’Concatâ†’Concatâ†’Concatâ†’Concatâ†’Convâ†’Conv,True,False,False,
task009,33147,v0,900x4,int64,3600,28800,row_bank_lookup,False,True,False,False,False,False,False,0.0,16,"[0,27]",0.3,GatherND,GatherNDâ†’Reshapeâ†’MatMulâ†’MatMulâ†’Transposeâ†’MatMulâ†’MatMulâ†’Greaterâ†’Greater,False,False,False,
task255,58680,MEMB,465x30,float16,13950,27900,dense_binary_bank,False,False,False,True,False,False,False,0.0645,2,"[0.0,1.0]",0.6444,MatMul;Transpose,MatMulâ†’Transposeâ†’GreaterOrEqualâ†’MatMulâ†’MatMulâ†’GreaterOrEqualâ†’GreaterOrEqualâ†’Castâ†’Castâ†’Cast,False,False,False,
task058,32257,table_f,16x1x20x20,float32,6400,25600,dense_binary_bank,False,False,False,True,False,False,False,0.05,2,"[0.0,1.0]",0.7475,Gather,Gatherâ†’Greaterâ†’Andâ†’Notâ†’Concat,False,False,False,
task027,36154,zeros7,1x7x30x30,float32,6300,25200,sparse_binary_mask,False,False,False,True,False,False,False,0.0,1,"[0.0,0.0]",1.0,Concat,Concat,True,False,False,
task105,36364,zero_rest,1x7x30x30,float32,6300,25200,sparse_binary_mask,False,False,False,True,False,False,False,0.0,1,"[0.0,0.0]",1.0,Concat,Concat,True,False,False,
task233,661410,onnx::Gather_3047,3125,int64,3125,25000,interval_sequence,False,False,True,False,False,False,False,0.0,5,"[0,4]",0.2,Gather,Gatherâ†’Expandâ†’Reshapeâ†’ScatterND,False,True,False,
task233,661410,onnx::Gather_3056,3125,int64,3125,25000,small_int_table,False,False,False,True,False,False,False,0.0,5,"[0,4]",0.2,Gather,Gatherâ†’Expandâ†’Reshapeâ†’ScatterND,False,False,False,
task233,661410,onnx::Gather_3061,3125,int64,3125,25000,small_int_table,False,False,False,True,False,False,False,0.0,5,"[0,4]",0.2,Gather,Gatherâ†’Expandâ†’Reshapeâ†’ScatterND,False,False,False,
task233,661410,onnx::Gather_3066,3125,int64,3125,25000,small_int_table,False,False,False,True,False,False,False,0.0,5,"[0,4]",0.2,Gather,Gatherâ†’Expandâ†’Reshapeâ†’ScatterND,False,False,False,
task233,661410,onnx::Gather_3071,3125,int64,3125,25000,interval_sequence,False,False,True,False,False,False,False,0.0,5,"[0,4]",0.2,Gather,Gatherâ†’Expandâ†’Reshapeâ†’ScatterND,False,True,False,
task233,661410,onnx::Gather_3079,3125,int64,3125,25000,unknown,False,False,False,False,False,False,False,0.0,25,"[0,24]",0.04,Gather,Gatherâ†’Equalâ†’Castâ†’Mul,False,False,False,
task233,661410,onnx::Gather_3083,3125,int64,3125,25000,unknown,False,False,False,False,False,False,False,0.0,25,"[0,24]",0.04,Gather,Gatherâ†’Equalâ†’Castâ†’Mul,False,False,False,
task233,661410,onnx::Gather_3087,3125,int64,3125,25000,unknown,False,False,False,False,False,False,False,0.0,25,"[0,24]",0.04,Gather,Gatherâ†’Equalâ†’Castâ†’Mul,False,False,False,
task233,661410,onnx::Gather_3091,3125,int64,3125,25000,unknown,False,False,False,False,False,False,False,0.0,25,"[0,24]",0.04,Gather,Gatherâ†’Equalâ†’Castâ†’Mul,False,False,False,
task233,661410,onnx::Gather_3095,3125,int64,3125,25000,unknown,False,False,False,False,False,False,False,0.0,25,"[0,24]",0.04,Gather,Gatherâ†’Equalâ†’Castâ†’Mul,False,False,False,
task233,661410,onnx::Gather_3099,3125,int64,3125,25000,unknown,False,False,False,False,False,False,False,0.0,25,"[0,24]",0.04,Gather,Gatherâ†’Equalâ†’Castâ†’Mul,False,False,False,
task233,661410,onnx::Gather_3103,3125,int64,3125,25000,unknown,False,False,False,False,False,False,False,0.0,25,"[0,24]",0.04,Gather,Gatherâ†’Equalâ†’Castâ†’Mul,False,False,False,
task233,661410,onnx::Gather_3107,3125,int64,3125,25000,unknown,False,False,False,False,False,False,False,0.0,25,"[0,24]",0.04,Gather,Gatherâ†’Equalâ†’Castâ†’Mul,False,False,False,
task233,661410,onnx::Gather_3111,3125,int64,3125,25000,unknown,False,False,False,False,False,False,False,0.0,25,"[0,24]",0.04,Gather,Gatherâ†’Equalâ†’Castâ†’Mul,False,False,False,
task233,661410,onnx::Gather_3115,3125,int64,3125,25000,unknown,False,False,False,False,False,False,False,0.0,25,"[0,24]",0.04,Gather,Gatherâ†’Equalâ†’Castâ†’Mul,False,False,False,
task099,24550,W,10x10x7x7,float32,4900,19600,unknown,False,False,False,False,False,False,False,0.0,4900,"[-4.686532974243164,9.0111665725708]",0.0,Conv,Conv,False,False,False,
task061,17726,label_bank,6x18x18,int64,1944,15552,small_int_table,False,False,False,True,False,False,False,0.0,9,"[1,9]",0.0,Gather,Gatherâ†’OneHotâ†’Pad,False,False,False,
task324,18223,x_kernel,1x1x59x59,float32,3481,13924,dense_binary_bank,False,False,False,True,False,False,False,0.0169,2,"[0.0,1.0]",0.9664,ConvTranspose,ConvTransposeâ†’Greaterâ†’Castâ†’Mulâ†’Mulâ†’Mulâ†’Mulâ†’Mulâ†’Mulâ†’Mul,False,False,False,
task233,661410,comborange,3125,float32,3125,12500,unknown,False,False,False,False,False,False,False,0.0,3125,"[0.0,3124.0]",0.0003,Where,Whereâ†’ReduceMinâ†’Castâ†’Gather,False,False,False,
task076,17538,PermGatherIdx,8x169,int64,1352,10816,unknown,False,False,False,False,False,False,False,0.0,169,"[0,168]",0.0059,Gather,Gatherâ†’Gatherâ†’Gatherâ†’Greaterâ†’Greaterâ†’Greaterâ†’Castâ†’Castâ†’Castâ†’Unsqueeze,False,False,False,
task209,116524,ic_prior_2,15x8x21,float32,2520,10080,one_hot_selector,False,False,False,False,False,False,True,1.0,359,"[3.174502489855513e-05,0.9990453720092773]",0.0,Gather,Gatherâ†’Gatherâ†’Gatherâ†’Gatherâ†’Gatherâ†’Gatherâ†’Gatherâ†’Gatherâ†’Gatherâ†’Gather,True,False,False,
task209,116524,ic_prior_3,15x8x21,float32,2520,10080,one_hot_selector,False,False,False,False,False,False,True,1.0,198,"[1.7170033970614895e-05,0.9996179342269897]",0.0,Gather,Gatherâ†’Gatherâ†’Gatherâ†’Gatherâ†’Gatherâ†’Gatherâ†’Gatherâ†’Gatherâ†’Gatherâ†’Gather,True,False,False,
task209,116524,ic_prior_4,15x8x21,float32,2520,10080,one_hot_selector,False,False,False,False,False,False,True,1.0,109,"[3.977039159508422e-05,0.9992045760154724]",0.0,Gather,Gatherâ†’Gatherâ†’Gatherâ†’Gatherâ†’Gatherâ†’Gatherâ†’Gatherâ†’Gatherâ†’Gatherâ†’Gather,True,False,False,
task122,12550,W,10x10x5x5,float32,2500,10000,unknown,False,False,False,False,False,False,False,0.0,2500,"[-12.675426483154297,12.571468353271484]",0.0,Conv,Conv,False,False,False,
task344,12550,W,10x10x5x5,float32,2500,10000,unknown,False,False,False,False,False,False,False,0.0,2500,"[-9.133241653442383,11.960057258605957]",0.0,Conv,Conv,False,False,False,
task157,809080,expand_idx_983,1044,int64,1044,8352,interval_sequence,False,False,True,False,False,False,False,0.0,4,"[0,3]",0.25,Gather,Gatherâ†’Gatherâ†’Gatherâ†’Gatherâ†’Gatherâ†’Gatherâ†’Gatherâ†’Gatherâ†’Gatherâ†’Gather,False,True,False,
task209,116524,c1415,32x30,int64,960,7680,interval_grid,False,False,True,False,False,False,False,0.0,61,"[-31,29]",0.0312,Equal,Equalâ†’Equalâ†’Equalâ†’Equalâ†’Equalâ†’Equalâ†’Equalâ†’Equalâ†’Equalâ†’Equal,False,True,False,
task209,116524,c1417,30x32,int64,960,7680,interval_grid,False,False,True,False,False,False,False,0.0,61,"[-31,29]",0.0312,Equal,Equalâ†’Equalâ†’Equalâ†’Equalâ†’Equalâ†’Equalâ†’Equalâ†’Equalâ†’Equalâ†’Equal,False,True,False,
task019,16326,diffs,30x30,int64,900,7200,interval_grid,False,False,True,False,False,False,False,0.0,59,"[-29,29]",0.0333,Equal,Equalâ†’Castâ†’MatMulâ†’MatMulâ†’MatMulâ†’MatMulâ†’Sumâ†’Sumâ†’Sumâ†’Sum,False,True,False,
task019,16326,diffs_rc,30x30,int64,900,7200,interval_grid,False,False,True,False,False,False,False,0.0,59,"[-29,29]",0.0333,Equal,Equalâ†’Castâ†’MatMulâ†’MatMulâ†’MatMulâ†’Sumâ†’MatMulâ†’Sum,False,True,False,
task021,16652,row_grid,30x30,int64,900,7200,permutation_table,True,False,False,False,False,False,False,0.0,30,"[0,29]",0.0333,Less,Lessâ†’Andâ†’Where,True,False,False,
task021,16652,col_grid,30x30,int64,900,7200,permutation_table,True,False,False,False,False,False,False,0.0,30,"[0,29]",0.0333,Less,Lessâ†’Andâ†’Where,True,False,False,
task101,14360,/Constant_188_output_0,1x1x60x60,float16,3600,7200,sparse_binary_mask,False,False,False,True,False,False,False,0.0,1,"[0.0,0.0]",1.0,Conv,Convâ†’Castâ†’Lessâ†’Cast,True,False,False,
task209,116524,c65,30x30,int64,900,7200,interval_grid,False,False,True,False,False,False,False,0.0,59,"[-29,29]",0.0333,Equal,Equalâ†’Equalâ†’Equalâ†’Equalâ†’Equalâ†’Equalâ†’Equalâ†’Equalâ†’Equalâ†’Equal,False,True,False,
task209,116524,c67,30x30,int64,900,7200,interval_grid,False,False,True,False,False,False,False,0.0,59,"[-29,29]",0.0333,Equal,Equalâ†’Equalâ†’Equalâ†’Equalâ†’Equalâ†’Equalâ†’Equalâ†’Equalâ†’Equalâ†’Equal,False,True,False,
task284,19017,row_grid,1x1x30x30,int64,900,7200,permutation_table,True,False,False,False,False,False,False,0.0,30,"[0,29]",0.0333,Less;Greater;Equal,Equalâ†’Lessâ†’Greaterâ†’Equalâ†’Equalâ†’Lessâ†’Greaterâ†’Equalâ†’Lessâ†’Greater,True,False,False,
task284,19017,col_grid,1x1x30x30,int64,900,7200,permutation_table,True,False,False,False,False,False,False,0.0,30,"[0,29]",0.0333,Less;Greater;Equal,Lessâ†’Greaterâ†’Equalâ†’Lessâ†’Greaterâ†’Lessâ†’Greaterâ†’Equalâ†’Lessâ†’Greater,True,False,False,
task290,35612,out_r_grid,1x900,int64,900,7200,interval_grid,False,False,True,False,False,False,False,0.0,30,"[0,29]",0.0333,Less;Add,Lessâ†’Addâ†’Andâ†’Mulâ†’Addâ†’Castâ†’Andâ†’Andâ†’Reshapeâ†’Mul,False,True,False,
task290,35612,out_c_grid,1x900,int64,900,7200,interval_grid,False,False,True,False,False,False,False,0.0,30,"[0,29]",0.0333,Less;Add,Lessâ†’Addâ†’Andâ†’Addâ†’Mulâ†’Castâ†’Andâ†’Andâ†’Reshapeâ†’Mul,False,True,False,
task290,35612,thirty_grid,1x900,int64,900,7200,interval_grid,False,False,True,False,False,False,False,0.0,1,"[30,30]",0.0,Mul,Mulâ†’Addâ†’Mulâ†’GatherElementsâ†’GatherElements,False,True,False,
task301,16567,row_grid,30x30,int64,900,7200,permutation_table,True,False,False,False,False,False,False,0.0,30,"[0,29]",0.0333,Less,Lessâ†’Andâ†’Andâ†’Castâ†’Andâ†’Greater,True,False,False,
task301,16567,col_grid,30x30,int64,900,7200,permutation_table,True,False,False,False,False,False,False,0.0,30,"[0,29]",0.0333,Less,Lessâ†’Lessâ†’Notâ†’Andâ†’Andâ†’Castâ†’Andâ†’Andâ†’Greater,True,False,False,
task313,40857,row_grid,30x30,int64,900,7200,permutation_table,True,False,False,False,False,False,False,0.0,30,"[0,29]",0.0333,Less,Lessâ†’Andâ†’Where,True,False,False,
task313,40857,col_grid,30x30,int64,900,7200,permutation_table,True,False,False,False,False,False,False,0.0,30,"[0,29]",0.0333,Less,Lessâ†’Andâ†’Where,True,False,False,
task313,40857,t313_src_col2,30x30,int64,900,7200,interval_grid,False,False,True,False,False,False,False,0.0,2,"[1,2]",0.0,Where,Whereâ†’Addâ†’Gatherâ†’Where,False,True,False,
task313,40857,t313_src_col3,30x30,int64,900,7200,interval_grid,False,False,True,False,False,False,False,0.0,3,"[1,3]",0.0,Where,Whereâ†’Addâ†’Gatherâ†’Where,False,True,False,
task313,40857,t313_row_offset,30x30,int64,900,7200,interval_grid,False,False,True,False,False,False,False,0.0,2,"[0,30]",0.5,Add,Addâ†’Gatherâ†’Where,False,True,False,
task366,260211,onnx::GatherElements_1364,900,int64,900,7200,interval_sequence,False,False,True,False,False,False,False,0.0,900,"[0,928]",0.0011,GatherElements,GatherElementsâ†’GatherElementsâ†’GatherElementsâ†’GatherElementsâ†’GatherElementsâ†’GatherElementsâ†’GatherElementsâ†’GatherElementsâ†’GatherElementsâ†’GatherElements,False,True,False,
task396,110040,out_r_grid,1x900,int64,900,7200,interval_grid,False,False,True,False,False,False,False,0.0,30,"[0,29]",0.0333,Less;Add,Lessâ†’Addâ†’Andâ†’Mulâ†’Addâ†’Castâ†’Andâ†’Andâ†’Mulâ†’Reshape,False,True,False,
task396,110040,out_c_grid,1x900,int64,900,7200,interval_grid,False,False,True,False,False,False,False,0.0,30,"[0,29]",0.0333,Less;Add,Lessâ†’Addâ†’Andâ†’Addâ†’Mulâ†’Castâ†’Andâ†’Andâ†’Mulâ†’Reshape,False,True,False,
task396,110040,thirty_grid,1x900,int64,900,7200,interval_grid,False,False,True,False,False,False,False,0.0,1,"[30,30]",0.0,Mul,Mulâ†’Addâ†’Mulâ†’GatherElements,False,True,False,
task037,25086,identity_conv_sum_group_others_main_w,9x1x19x19,float16,3249,6498,sparse_one_hot,False,False,False,False,False,False,False,0.9474,2,"[0.0,1.0]",0.9501,Conv,Convâ†’Reluâ†’Mulâ†’Sum,True,False,False,
task037,25086,identity_conv_sum_group_others_anti_w,9x1x19x19,float16,3249,6498,sparse_one_hot,False,False,False,False,False,False,False,0.9474,2,"[0.0,1.0]",0.9501,Conv,Convâ†’Reluâ†’Mulâ†’Sum,True,False,False,
task059,12909,lines_const,1x10x11x11,float32,1210,4840,dense_binary_bank,False,False,False,True,False,False,False,0.0,2,"[0.0,1.0]",0.9669,Sum,Sumâ†’Pad,False,False,False,
task059,12909,ch0_base_const,1x10x11x11,float32,1210,4840,dense_binary_bank,False,False,False,True,False,False,False,0.0,2,"[0.0,1.0]",0.9331,Sub,Subâ†’Sumâ†’Pad,False,False,False,
task209,116524,c1410,20x30,int64,600,4800,interval_grid,False,False,True,False,False,False,False,0.0,49,"[-29,19]",0.0333,Equal,Equalâ†’Equalâ†’Equalâ†’Equalâ†’Equalâ†’Equalâ†’Equalâ†’Equalâ†’Equalâ†’Equal,False,True,False,
task088,10824,diffs_rc_i,24x24,int64,576,4608,interval_grid,False,False,True,False,False,False,False,0.0,47,"[-23,23]",0.0417,Equal,Equalâ†’Castâ†’MatMulâ†’MatMul,False,True,False,
task088,10824,diffs_ij_i,24x24,int64,576,4608,interval_grid,False,False,True,False,False,False,False,0.0,47,"[-23,23]",0.0417,Equal,Equalâ†’Castâ†’MatMulâ†’Mul,False,True,False,
task157,809080,one_NPLACS_1015,1x1044,float32,1044,4176,dense_binary_bank,False,False,False,True,False,False,False,0.0,1,"[1.0,1.0]",0.0,Sub,Subâ†’Subâ†’Subâ†’Subâ†’Subâ†’Mulâ†’Mulâ†’Mulâ†’Mulâ†’Mul,False,False,False,
task363,193391,pr_bank,10x10x10,float32,1000,4000,sparse_one_hot,False,False,False,False,False,False,False,0.55,2,"[0.0,1.0]",0.945,Gather,Gatherâ†’Reshapeâ†’MatMulâ†’MatMul,True,False,False,
task363,193391,pc_bank,10x10x10,float32,1000,4000,sparse_one_hot,False,False,False,False,False,False,False,0.55,2,"[0.0,1.0]",0.945,Gather,Gatherâ†’Reshapeâ†’MatMulâ†’Reshape,True,False,False,
task159,12549,v18,1x10x14x14,float16,1960,3920,dense_binary_bank,False,False,False,True,False,False,False,0.0,2,"[0.0,1.0]",0.9735,Add,Addâ†’Whereâ†’Sumâ†’Pad,False,False,False,
task255,58680,up_idx,465,int64,465,3720,interval_sequence,False,False,True,False,False,False,False,0.0,29,"[0,28]",0.1269,Identity;Gather,Identityâ†’Gatherâ†’Gatherâ†’Mulâ†’Addâ†’Mulâ†’Addâ†’Add,False,True,False,
task255,58680,dn_idx,465,int64,465,3720,unknown,False,False,False,False,False,False,False,0.0,29,"[1,29]",0.0,Identity;Gather,Identityâ†’Gatherâ†’Gatherâ†’Mulâ†’Mulâ†’Addâ†’Addâ†’Add,False,False,False,
task277,29850,onnx::Conv_488,31x1x6x5,float32,930,3720,unknown,False,False,False,False,False,False,False,0.371,3,"[-1.0,1.0]",0.1333,Conv,Convâ†’Greaterâ†’Castâ†’ReduceSumâ†’Mulâ†’Mul,False,False,False,
task209,116524,ir_prior_2,11x4x21,float32,924,3696,one_hot_selector,False,False,False,False,False,False,True,1.0,127,"[1.3028580724494532e-05,0.9997393488883972]",0.0,Gather,Gatherâ†’Gatherâ†’Gatherâ†’Gatherâ†’Gatherâ†’Gatherâ†’Gatherâ†’Gatherâ†’Gatherâ†’Gather,True,False,False,
task209,116524,ir_prior_3,11x4x21,float32,924,3696,one_hot_selector,False,False,False,False,False,False,True,1.0,81,"[5.130459157953737e-06,0.9998974204063416]",0.0,Gather,Gatherâ†’Gatherâ†’Gatherâ†’Gatherâ†’Gatherâ†’Gatherâ†’Gatherâ†’Gatherâ†’Gatherâ†’Gather,True,False,False,
task209,116524,ir_prior_4,11x4x21,float32,924,3696,one_hot_selector,False,False,False,False,False,False,True,1.0,45,"[2.1635187295032665e-05,0.999562680721283]",0.0,Gather,Gatherâ†’Gatherâ†’Gatherâ†’Gatherâ†’Gatherâ†’Gatherâ†’Gatherâ†’Gatherâ†’Gatherâ†’Gather,True,False,False,
task027,36154,region_mask,1x1x30x30,float32,900,3600,dense_binary_bank,False,False,False,True,False,False,False,0.0,2,"[0.0,1.0]",0.8889,Sub;Mul,Mulâ†’Subâ†’Subâ†’Subâ†’Concatâ†’Concat,False,False,False,
task028,63050,top_pick,1x1x30x30,float32,900,3600,dense_binary_bank,False,False,False,True,False,False,False,0.0,2,"[0.0,1.0]",0.9889,Mul,Mulâ†’ReduceSumâ†’Mulâ†’Mul,False,False,False,
task028,63050,bot_pick,1x1x30x30,float32,900,3600,dense_binary_bank,False,False,False,True,False,False,False,0.0,2,"[0.0,1.0]",0.9889,Mul,Mulâ†’ReduceSumâ†’Mulâ†’Mul,False,False,False,
task028,63050,top_mask,1x1x30x30,float32,900,3600,dense_binary_bank,False,False,False,True,False,False,False,0.0,2,"[0.0,1.0]",0.9711,Mul,Mulâ†’Addâ†’Add,False,False,False,
task028,63050,bot_mask,1x1x30x30,float32,900,3600,dense_binary_bank,False,False,False,True,False,False,False,0.0,2,"[0.0,1.0]",0.9711,Mul,Mulâ†’Addâ†’Add,False,False,False,
task076,17538,score_base,30x30,float32,900,3600,unknown,False,False,False,False,False,False,False,0.0,900,"[11.0,910.0]",0.0,Mul,Mulâ†’Reshapeâ†’TopKâ†’Greaterâ†’Divâ†’Mod,False,False,False,
task105,36364,one_grid,1x1x30x30,float32,900,3600,dense_binary_bank,False,False,False,True,False,False,False,0.0,1,"[1.0,1.0]",0.0,Sub,Subâ†’Subâ†’Mulâ†’Mulâ†’Concatâ†’Subâ†’Concat,False,False,False,
task157,809080,active_30_1323,1x1x30x30,float32,900,3600,dense_binary_bank,False,False,False,True,False,False,False,0.0,2,"[0.0,1.0]",0.8333,Sub,Subâ†’Concat,False,False,False,
task157,809080,zero_pad_30_1328,1x1x30x30,float32,900,3600,sparse_binary_mask,False,False,False,True,False,False,False,0.0,1,"[0.0,0.0]",1.0,Concat,Concatâ†’Concatâ†’Concatâ†’Concatâ†’Concatâ†’Concatâ†’Concat,True,False,False,
task175,13760,diag_mask,1x1x30x30,float32,900,3600,sparse_one_hot,False,False,False,False,False,False,False,0.7,2,"[0.0,1.0]",0.9767,Mul,Mulâ†’ReduceSumâ†’Greaterâ†’Gatherâ†’Castâ†’Cast,True,False,False,
task175,13760,off_table,1x1x30x30,float32,900,3600,unknown,False,False,False,False,False,False,False,0.0,11,"[-1.0,9.0]",0.6289,Cast,Castâ†’Addâ†’Modâ†’Add,False,False,False,
task175,13760,in_grid,1x1x30x30,float32,900,3600,dense_binary_bank,False,False,False,True,False,False,False,0.0,2,"[0.0,1.0]",0.51,Mul,Mul,False,False,False,
task209,116524,c10,1x1x30x30,float32,900,3600,unknown,False,False,False,False,False,False,False,0.0,30,"[0.0,29.0]",0.0333,LessOrEqual;Mul;Cast;GreaterOrEqual,Mulâ†’Mulâ†’Mulâ†’GreaterOrEqualâ†’LessOrEqualâ†’Mulâ†’Mulâ†’Mulâ†’Castâ†’Cast,False,False,False,
task209,116524,c11,1x1x30x30,float32,900,3600,unknown,False,False,False,False,False,False,False,0.0,30,"[0.0,29.0]",0.0333,LessOrEqual;Mul;Cast;GreaterOrEqual,Mulâ†’Mulâ†’GreaterOrEqualâ†’LessOrEqualâ†’Mulâ†’Mulâ†’Mulâ†’Castâ†’Castâ†’Cast,False,False,False,
task209,116524,c735,15x30,int64,450,3600,interval_grid,False,False,True,False,False,False,False,0.0,44,"[-29,14]",0.0333,Equal,Equalâ†’Equalâ†’Equalâ†’Equalâ†’Equalâ†’Equalâ†’Equalâ†’Equalâ†’Equalâ†’Equal,False,True,False,
task219,16894,lower_tri,30x30,float32,900,3600,dense_binary_bank,False,False,False,True,False,False,False,0.0333,2,"[0.0,1.0]",0.4833,MatMul,MatMulâ†’Mulâ†’Unsqueezeâ†’Sub,False,False,False,
task219,16894,/Constant_215_output_0,1x30x30,float32,900,3600,sparse_binary_mask,False,False,False,True,False,False,False,0.0,1,"[0.0,0.0]",1.0,ScatterElements,ScatterElementsâ†’ScatterElementsâ†’ScatterElementsâ†’ScatterElementsâ†’ScatterElementsâ†’Greaterâ†’Greaterâ†’Greaterâ†’Greaterâ†’Greater,True,False,False,
task285,10215,coord_labels,1x1x30x30,float32,900,3600,unknown,False,False,False,False,False,False,False,0.0,900,"[1.0,900.0]",0.0,Mul,Mulâ†’MaxPoolâ†’Mulâ†’MaxPool,False,False,False,
task285,10215,zero_paint,1x1x30x30,float32,900,3600,sparse_binary_mask,False,False,False,True,False,False,False,0.0,1,"[0.0,0.0]",1.0,Concat,Concatâ†’ReduceSumâ†’Addâ†’Greaterâ†’Cast,True,False,False,
task366,260211,/Constant_22_output_0,30x30,float32,900,3600,sparse_one_hot,False,False,False,False,False,False,False,0.9667,2,"[0.0,1.0]",0.9678,MatMul,MatMulâ†’MatMulâ†’MatMulâ†’MatMulâ†’MatMulâ†’MatMulâ†’MatMulâ†’MatMulâ†’MatMulâ†’MatMul,True,False,False,
task366,260211,/Constant_23_output_0,30x30,float32,900,3600,sparse_one_hot,False,False,False,False,False,False,False,0.9667,2,"[0.0,1.0]",0.9678,MatMul,MatMulâ†’MatMulâ†’MatMulâ†’MatMulâ†’MatMulâ†’MatMulâ†’MatMulâ†’MatMulâ†’MatMulâ†’MatMul,True,False,False,
task366,260211,/Constant_284_output_0,30x30,float32,900,3600,sparse_binary_mask,False,False,False,True,False,False,False,0.0,1,"[0.0,0.0]",1.0,Add,Addâ†’Addâ†’Addâ†’Addâ†’Addâ†’Addâ†’Addâ†’Addâ†’Addâ†’Add,True,False,False,
task366,260211,/Constant_428_output_0,30x30,float32,900,3600,unknown,False,False,False,False,False,False,False,0.0,30,"[0.0,29.0]",0.0333,Add,Addâ†’Addâ†’Addâ†’Addâ†’Clipâ†’Clipâ†’Clipâ†’Clipâ†’Mulâ†’Mul,False,False,False,
task366,260211,/Constant_430_output_0,30x30,float32,900,3600,unknown,False,False,False,False,False,False,False,0.0,30,"[0.0,29.0]",0.0333,Add,Addâ†’Addâ†’Addâ†’Addâ†’Addâ†’Addâ†’Addâ†’Addâ†’Clipâ†’Reshape,False,False,False,
task366,260211,/Constant_436_output_0,30x30,float32,900,3600,unknown,False,False,False,False,False,False,False,0.0,30,"[0.0,899.0]",0.0333,Add,Addâ†’Addâ†’Addâ†’Addâ†’Reshapeâ†’Reshapeâ†’Reshapeâ†’Reshapeâ†’Castâ†’Cast,False,False,False,
task366,260211,/Constant_865_output_0,1x30x30,float32,900,3600,sparse_binary_mask,False,False,False,True,False,False,False,0.0,1,"[0.0,0.0]",1.0,Concat,Concatâ†’Concatâ†’Concatâ†’Concatâ†’Concatâ†’Concatâ†’Concatâ†’Concatâ†’Concatâ†’Concat,True,False,False,
task367,219324,full_mask,1x1x30x30,float32,900,3600,dense_binary_bank,False,False,False,True,False,False,False,0.0,1,"[1.0,1.0]",0.0,Mul,Mulâ†’Subâ†’Addâ†’Mulâ†’Concatâ†’Concat,False,False,False,
task382,54738,v8,30x30,float32,900,3600,dense_binary_bank,False,False,False,True,False,False,False,0.0333,2,"[0.0,1.0]",0.4833,MatMul,MatMulâ†’MatMulâ†’MatMulâ†’MatMulâ†’Reshapeâ†’Reshapeâ†’Reshapeâ†’Reshapeâ†’Mulâ†’Mul,False,False,False,
task382,54738,v9,30x30,float32,900,3600,dense_binary_bank,False,False,False,True,False,False,False,0.0333,2,"[0.0,1.0]",0.4833,MatMul,MatMulâ†’MatMulâ†’MatMulâ†’MatMulâ†’Reshapeâ†’Reshapeâ†’Reshapeâ†’Reshapeâ†’Mulâ†’Mul,False,False,False,
task382,54738,v20,30x30,float32,900,3600,sparse_one_hot,False,False,False,False,False,False,False,0.8667,2,"[0.0,1.0]",0.9711,MatMul,MatMulâ†’MatMulâ†’MatMulâ†’MatMulâ†’Reshapeâ†’Reshapeâ†’Reshapeâ†’Reshapeâ†’Whereâ†’Where,True,False,False,
task382,54738,v21,30x30,float32,900,3600,sparse_one_hot,False,False,False,False,False,False,False,0.9,2,"[0.0,1.0]",0.97,MatMul,MatMulâ†’MatMulâ†’MatMulâ†’MatMulâ†’Reshapeâ†’Reshapeâ†’Reshapeâ†’Reshapeâ†’Whereâ†’Where,True,False,False,
task382,54738,v22,30x30,float32,900,3600,sparse_one_hot,False,False,False,False,False,False,False,0.9333,2,"[0.0,1.0]",0.9689,MatMul,MatMulâ†’MatMulâ†’MatMulâ†’MatMulâ†’Reshapeâ†’Reshapeâ†’Reshapeâ†’Reshapeâ†’Whereâ†’Where,True,False,False,
task382,54738,v23,30x30,float32,900,3600,sparse_one_hot,False,False,False,False,False,False,False,0.9667,2,"[0.0,1.0]",0.9678,MatMul,MatMulâ†’MatMulâ†’MatMulâ†’MatMulâ†’Reshapeâ†’Reshapeâ†’Reshapeâ†’Reshapeâ†’Whereâ†’Where,True,False,False,
task382,54738,v24,30x30,float32,900,3600,one_hot_selector,False,False,False,False,False,False,True,1.0,2,"[0.0,1.0]",0.9667,MatMul,MatMulâ†’MatMulâ†’MatMulâ†’MatMulâ†’Reshapeâ†’Reshapeâ†’Reshapeâ†’Reshapeâ†’Whereâ†’Where,True,False,False,
task382,54738,v25,30x30,float32,900,3600,sparse_one_hot,False,False,False,False,False,False,False,0.9667,2,"[0.0,1.0]",0.9678,MatMul,MatMulâ†’MatMulâ†’MatMulâ†’MatMulâ†’Reshapeâ†’Reshapeâ†’Reshapeâ†’Reshapeâ†’Whereâ†’Where,True,False,False,
task382,54738,v26,30x30,float32,900,3600,sparse_one_hot,False,False,False,False,False,False,False,0.9333,2,"[0.0,1.0]",0.9689,MatMul,MatMulâ†’MatMulâ†’MatMulâ†’MatMulâ†’Reshapeâ†’Reshapeâ†’Reshapeâ†’Reshapeâ†’Whereâ†’Where,True,False,False,
task382,54738,v27,30x30,float32,900,3600,sparse_one_hot,False,False,False,False,False,False,False,0.9,2,"[0.0,1.0]",0.97,MatMul,MatMulâ†’MatMulâ†’MatMulâ†’MatMulâ†’Reshapeâ†’Reshapeâ†’Reshapeâ†’Reshapeâ†’Whereâ†’Where,True,False,False,
task382,54738,v28,30x30,float32,900,3600,sparse_one_hot,False,False,False,False,False,False,False,0.8667,2,"[0.0,1.0]",0.9711,MatMul,MatMulâ†’MatMulâ†’MatMulâ†’MatMulâ†’Reshapeâ†’Reshapeâ†’Reshapeâ†’Reshapeâ†’Whereâ†’Where,True,False,False,
task382,54738,v29,1x1x30x30,float32,900,3600,sparse_binary_mask,False,False,False,True,False,False,False,0.0,1,"[0.0,0.0]",1.0,Concat,Concatâ†’Concatâ†’Concatâ†’Concatâ†’Concatâ†’Concatâ†’Concat,True,False,False,
task392,11286,v7,1x1x30x30,float32,900,3600,sparse_binary_mask,False,False,False,True,False,False,False,0.0,1,"[0.0,0.0]",1.0,Concat,Concat,True,False,False,
task277,29850,onnx::Conv_492,23x1x6x6,float32,828,3312,unknown,False,False,False,False,False,False,False,0.0,3,"[-1.0,1.0]",0.1111,Conv,Convâ†’Greaterâ†’Castâ†’ReduceSumâ†’Mulâ†’Mul,False,False,False,
task277,29850,onnx::Conv_472,33x1x5x5,float32,825,3300,unknown,False,False,False,False,False,False,False,0.2667,3,"[-1.0,1.0]",0.16,Conv,Convâ†’Greaterâ†’Castâ†’ReduceSumâ†’Mulâ†’Mul,False,False,False,
task170,19255,v13,1x1x28x28,float32,784,3136,dense_binary_bank,False,False,False,True,False,False,False,0.0,2,"[0.0,1.0]",0.4643,Where,Whereâ†’Padâ†’ReduceSumâ†’ReduceMaxâ†’ReduceMaxâ†’Sliceâ†’Sliceâ†’Sliceâ†’Sliceâ†’Slice,False,False,False,
task170,19255,v18,1x1x28x28,float32,784,3136,dense_binary_bank,False,False,False,True,False,False,False,0.0,2,"[0.0,1.0]",0.5357,Where,Whereâ†’ReduceSumâ†’Whereâ†’ReduceMaxâ†’ReduceMaxâ†’Greaterâ†’ArgMaxâ†’ArgMaxâ†’Where,False,False,False,
task367,219324,gate_closed_1_1,1x1x28x28,float32,784,3136,dense_binary_bank,False,False,False,True,False,False,False,0.0,1,"[1.0,1.0]",0.0,Mul,Mulâ†’ConvTransposeâ†’Sumâ†’Greater,False,False,False,
task367,219324,gate_left_1_1,1x1x28x28,float32,784,3136,one_hot_selector,False,False,False,False,False,False,True,1.0,2,"[0.0,1.0]",0.9643,Mul,Mulâ†’ConvTransposeâ†’Sumâ†’Greater,True,False,False,
task367,219324,gate_right_1_1,1x1x28x27,float32,756,3024,dense_binary_bank,False,False,False,True,False,False,False,0.0,1,"[1.0,1.0]",0.0,Mul,Mulâ†’Mulâ†’ConvTransposeâ†’ConvTransposeâ†’Sumâ†’Sumâ†’Greater,False,False,False,
task367,219324,gate_left_1_2,1x1x28x27,float32,756,3024,one_hot_selector,False,False,False,False,False,False,True,1.0,2,"[0.0,1.0]",0.963,Mul,Mulâ†’ConvTransposeâ†’Sumâ†’Greater,True,False,False,
task367,219324,gate_closed_2_1,1x1x27x28,float32,756,3024,dense_binary_bank,False,False,False,True,False,False,False,0.0,1,"[1.0,1.0]",0.0,Mul,Mulâ†’ConvTransposeâ†’Sumâ†’Greater,False,False,False,
task367,219324,gate_left_2_1,1x1x27x28,float32,756,3024,one_hot_selector,False,False,False,False,False,False,True,1.0,2,"[0.0,1.0]",0.9643,Mul,Mulâ†’ConvTransposeâ†’Sumâ†’Greater,True,False,False,
task170,19255,v15,1x1x27x27,float32,729,2916,dense_binary_bank,False,False,False,True,False,False,False,0.0,2,"[0.0,1.0]",0.4444,Where,Whereâ†’Padâ†’ReduceSumâ†’ReduceMaxâ†’ReduceMaxâ†’Sliceâ†’Sliceâ†’Sliceâ†’Sliceâ†’Slice,False,False,False,
task170,19255,v20,1x1x27x27,float32,729,2916,dense_binary_bank,False,False,False,True,False,False,False,0.0,2,"[0.0,1.0]",0.5556,Where,Whereâ†’ReduceSumâ†’ReduceMaxâ†’ReduceMaxâ†’ArgMaxâ†’Greaterâ†’ArgMaxâ†’Reshapeâ†’Castâ†’Where,False,False,False,
task367,219324,gate_right_2_1,1x1x27x27,float32,729,2916,dense_binary_bank,False,False,False,True,False,False,False,0.0,1,"[1.0,1.0]",0.0,Mul,Mulâ†’Mulâ†’ConvTransposeâ†’ConvTransposeâ†’Sumâ†’Sumâ†’Greater,False,False,False,
task367,219324,gate_left_2_2,1x1x27x27,float32,729,2916,one_hot_selector,False,False,False,False,False,False,True,1.0,2,"[0.0,1.0]",0.963,Mul,Mulâ†’ConvTransposeâ†’Sumâ†’Greater,True,False,False,
task367,219324,gate_right_1_2,1x1x28x26,float32,728,2912,dense_binary_bank,False,False,False,True,False,False,False,0.0,1,"[1.0,1.0]",0.0,Mul,Mulâ†’Mulâ†’ConvTransposeâ†’ConvTransposeâ†’Sumâ†’Sumâ†’Greater,False,False,False,
task367,219324,gate_left_1_3,1x1x28x26,float32,728,2912,one_hot_selector,False,False,False,False,False,False,True,1.0,2,"[0.0,1.0]",0.9615,Mul,Mulâ†’ConvTransposeâ†’Sumâ†’Greater,True,False,False,
task367,219324,gate_closed_3_1,1x1x26x28,float32,728,2912,dense_binary_bank,False,False,False,True,False,False,False,0.0,1,"[1.0,1.0]",0.0,Mul,Mulâ†’ConvTransposeâ†’Sumâ†’Greater,False,False,False,
task367,219324,gate_left_3_1,1x1x26x28,float32,728,2912,one_hot_selector,False,False,False,False,False,False,True,1.0,2,"[0.0,1.0]",0.9643,Mul,Mulâ†’ConvTransposeâ†’Sumâ†’Greater,True,False,False,
task209,116524,c1408,30x12,int64,360,2880,interval_grid,False,False,True,False,False,False,False,0.0,41,"[-29,11]",0.0333,Equal,Equalâ†’Equalâ†’Equalâ†’Equalâ†’Equalâ†’Equalâ†’Equalâ†’Equalâ†’Equalâ†’Equal,False,True,False,
task367,219324,gate_right_2_2,1x1x27x26,float32,702,2808,dense_binary_bank,False,False,False,True,False,False,False,0.0,1,"[1.0,1.0]",0.0,Mul,Mulâ†’Mulâ†’ConvTransposeâ†’ConvTransposeâ†’Sumâ†’Sumâ†’Greater,False,False,False,
task367,219324,gate_left_2_3,1x1x27x26,float32,702,2808,one_hot_selector,False,False,False,False,False,False,True,1.0,2,"[0.0,1.0]",0.9615,Mul,Mulâ†’ConvTransposeâ†’Sumâ†’Greater,True,False,False,
task367,219324,gate_right_3_1,1x1x26x27,float32,702,2808,dense_binary_bank,False,False,False,True,False,False,False,0.0,1,"[1.0,1.0]",0.0,Mul,Mulâ†’Mulâ†’ConvTransposeâ†’ConvTransposeâ†’Sumâ†’Sumâ†’Greater,False,False,False,
task367,219324,gate_left_3_2,1x1x26x27,float32,702,2808,one_hot_selector,False,False,False,False,False,False,True,1.0,2,"[0.0,1.0]",0.963,Mul,Mulâ†’ConvTransposeâ†’Sumâ†’Greater,True,False,False,
task367,219324,gate_right_1_3,1x1x28x25,float32,700,2800,dense_binary_bank,False,False,False,True,False,False,False,0.0,1,"[1.0,1.0]",0.0,Mul,Mulâ†’Mulâ†’ConvTransposeâ†’ConvTransposeâ†’Sumâ†’Sumâ†’Greater,False,False,False,
task367,219324,gate_left_1_4,1x1x28x25,float32,700,2800,one_hot_selector,False,False,False,False,False,False,True,1.0,2,"[0.0,1.0]",0.96,Mul,Mulâ†’ConvTransposeâ†’Sumâ†’Greater,True,False,False,
task367,219324,gate_closed_4_1,1x1x25x28,float32,700,2800,dense_binary_bank,False,False,False,True,False,False,False,0.0,1,"[1.0,1.0]",0.0,Mul,Mulâ†’ConvTransposeâ†’Sumâ†’Greater,False,False,False,
task367,219324,gate_left_4_1,1x1x25x28,float32,700,2800,one_hot_selector,False,False,False,False,False,False,True,1.0,2,"[0.0,1.0]",0.9643,Mul,Mulâ†’ConvTransposeâ†’Sumâ†’Greater,True,False,False,
task170,19255,v17,1x1x26x26,float32,676,2704,dense_binary_bank,False,False,False,True,False,False,False,0.0,2,"[0.0,1.0]",0.4231,Where,Whereâ†’Padâ†’ReduceSumâ†’ReduceMaxâ†’ReduceMaxâ†’Sliceâ†’Sliceâ†’Sliceâ†’Sliceâ†’Slice,False,False,False,
task367,219324,gate_right_3_2,1x1x26x26,float32,676,2704,dense_binary_bank,False,False,False,True,False,False,False,0.0,1,"[1.0,1.0]",0.0,Mul,Mulâ†’Mulâ†’ConvTransposeâ†’ConvTransposeâ†’Sumâ†’Sumâ†’Greater,False,False,False,
task367,219324,gate_left_3_3,1x1x26x26,float32,676,2704,one_hot_selector,False,False,False,False,False,False,True,1.0,2,"[0.0,1.0]",0.9615,Mul,Mulâ†’ConvTransposeâ†’Sumâ†’Greater,True,False,False,
task367,219324,gate_right_2_3,1x1x27x25,float32,675,2700,dense_binary_bank,False,False,False,True,False,False,False,0.0,1,"[1.0,1.0]",0.0,Mul,Mulâ†’Mulâ†’ConvTransposeâ†’ConvTransposeâ†’Sumâ†’Sumâ†’Greater,False,False,False,
task367,219324,gate_left_2_4,1x1x27x25,float32,675,2700,one_hot_selector,False,False,False,False,False,False,True,1.0,2,"[0.0,1.0]",0.96,Mul,Mulâ†’ConvTransposeâ†’Sumâ†’Greater,True,False,False,
task367,219324,gate_right_4_1,1x1x25x27,float32,675,2700,dense_binary_bank,False,False,False,True,False,False,False,0.0,1,"[1.0,1.0]",0.0,Mul,Mulâ†’Mulâ†’ConvTransposeâ†’ConvTransposeâ†’Sumâ†’Sumâ†’Greater,False,False,False,
task367,219324,gate_left_4_2,1x1x25x27,float32,675,2700,one_hot_selector,False,False,False,False,False,False,True,1.0,2,"[0.0,1.0]",0.963,Mul,Mulâ†’ConvTransposeâ†’Sumâ†’Greater,True,False,False,
task367,219324,gate_right_1_4,1x1x28x24,float32,672,2688,dense_binary_bank,False,False,False,True,False,False,False,0.0,1,"[1.0,1.0]",0.0,Mul,Mulâ†’Mulâ†’ConvTransposeâ†’ConvTransposeâ†’Sumâ†’Sumâ†’Greater,False,False,False,
task367,219324,gate_left_1_5,1x1x28x24,float32,672,2688,one_hot_selector,False,False,False,False,False,False,True,1.0,2,"[0.0,1.0]",0.9583,Mul,Mulâ†’ConvTransposeâ†’Sumâ†’Greater,True,False,False,
task367,219324,gate_closed_5_1,1x1x24x28,float32,672,2688,dense_binary_bank,False,False,False,True,False,False,False,0.0,1,"[1.0,1.0]",0.0,Mul,Mulâ†’ConvTransposeâ†’Sumâ†’Greater,False,False,False,
task367,219324,gate_left_5_1,1x1x24x28,float32,672,2688,one_hot_selector,False,False,False,False,False,False,True,1.0,2,"[0.0,1.0]",0.9643,Mul,Mulâ†’ConvTransposeâ†’Sumâ†’Greater,True,False,False,
task367,219324,gate_right_3_3,1x1x26x25,float32,650,2600,dense_binary_bank,False,False,False,True,False,False,False,0.0,1,"[1.0,1.0]",0.0,Mul,Mulâ†’Mulâ†’ConvTransposeâ†’ConvTransposeâ†’Sumâ†’Sumâ†’Greater,False,False,False,
task367,219324,gate_left_3_4,1x1x26x25,float32,650,2600,one_hot_selector,False,False,False,False,False,False,True,1.0,2,"[0.0,1.0]",0.96,Mul,Mulâ†’ConvTransposeâ†’Sumâ†’Greater,True,False,False,
task367,219324,gate_right_4_2,1x1x25x26,float32,650,2600,dense_binary_bank,False,False,False,True,False,False,False,0.0,1,"[1.0,1.0]",0.0,Mul,Mulâ†’Mulâ†’ConvTransposeâ†’ConvTransposeâ†’Sumâ†’Sumâ†’Greater,False,False,False,
task367,219324,gate_left_4_3,1x1x25x26,float32,650,2600,one_hot_selector,False,False,False,False,False,False,True,1.0,2,"[0.0,1.0]",0.9615,Mul,Mulâ†’ConvTransposeâ†’Sumâ†’Greater,True,False,False,
task367,219324,gate_right_2_4,1x1x27x24,float32,648,2592,dense_binary_bank,False,False,False,True,False,False,False,0.0,1,"[1.0,1.0]",0.0,Mul,Mulâ†’Mulâ†’ConvTransposeâ†’ConvTransposeâ†’Sumâ†’Sumâ†’Greater,False,False,False,
task367,219324,gate_left_2_5,1x1x27x24,float32,648,2592,one_hot_selector,False,False,False,False,False,False,True,1.0,2,"[0.0,1.0]",0.9583,Mul,Mulâ†’ConvTransposeâ†’Sumâ†’Greater,True,False,False,
task367,219324,gate_right_5_1,1x1x24x27,float32,648,2592,dense_binary_bank,False,False,False,True,False,False,False,0.0,1,"[1.0,1.0]",0.0,Mul,Mulâ†’Mulâ†’ConvTransposeâ†’ConvTransposeâ†’Sumâ†’Sumâ†’Greater,False,False,False,
task367,219324,gate_left_5_2,1x1x24x27,float32,648,2592,one_hot_selector,False,False,False,False,False,False,True,1.0,2,"[0.0,1.0]",0.963,Mul,Mulâ†’ConvTransposeâ†’Sumâ†’Greater,True,False,False,
task367,219324,gate_right_1_5,1x1x28x23,float32,644,2576,dense_binary_bank,False,False,False,True,False,False,False,0.0,1,"[1.0,1.0]",0.0,Mul,Mulâ†’ConvTransposeâ†’Sumâ†’Greater,False,False,False,
task367,219324,gate_right_4_3,1x1x25x25,float32,625,2500,dense_binary_bank,False,False,False,True,False,False,False,0.0,1,"[1.0,1.0]",0.0,Mul,Mulâ†’Mulâ†’ConvTransposeâ†’ConvTransposeâ†’Sumâ†’Sumâ†’Greater,False,False,False,
task367,219324,gate_left_4_4,1x1x25x25,float32,625,2500,one_hot_selector,False,False,False,False,False,False,True,1.0,2,"[0.0,1.0]",0.96,Mul,Mulâ†’ConvTransposeâ†’Sumâ†’Greater,True,False,False,
task367,219324,gate_right_3_4,1x1x26x24,float32,624,2496,dense_binary_bank,False,False,False,True,False,False,False,0.0,1,"[1.0,1.0]",0.0,Mul,Mulâ†’Mulâ†’ConvTransposeâ†’ConvTransposeâ†’Sumâ†’Sumâ†’Greater,False,False,False,
task367,219324,gate_left_3_5,1x1x26x24,float32,624,2496,one_hot_selector,False,False,False,False,False,False,True,1.0,2,"[0.0,1.0]",0.9583,Mul,Mulâ†’ConvTransposeâ†’Sumâ†’Greater,True,False,False,
task367,219324,gate_right_5_2,1x1x24x26,float32,624,2496,dense_binary_bank,False,False,False,True,False,False,False,0.0,1,"[1.0,1.0]",0.0,Mul,Mulâ†’Mulâ†’ConvTransposeâ†’ConvTransposeâ†’Sumâ†’Sumâ†’Greater,False,False,False,
task367,219324,gate_left_5_3,1x1x24x26,float32,624,2496,one_hot_selector,False,False,False,False,False,False,True,1.0,2,"[0.0,1.0]",0.9615,Mul,Mulâ†’ConvTransposeâ†’Sumâ†’Greater,True,False,False,
task367,219324,gate_right_2_5,1x1x27x23,float32,621,2484,dense_binary_bank,False,False,False,True,False,False,False,0.0,1,"[1.0,1.0]",0.0,Mul,Mulâ†’ConvTransposeâ†’Sumâ†’Greater,False,False,False,
task159,12549,v14,1x10x11x11,float16,1210,2420,dense_binary_bank,False,False,False,True,False,False,False,0.0,2,"[0.0,1.0]",0.9669,Add,Addâ†’Whereâ†’Padâ†’Sum,False,False,False,
task209,116524,c60,10x30,int64,300,2400,interval_grid,False,False,True,False,False,False,False,0.0,39,"[-29,9]",0.0333,Equal,Equalâ†’Equalâ†’Equalâ†’Equalâ†’Equalâ†’Equalâ†’Equalâ†’Equalâ†’Equalâ†’Equal,False,True,False,
task367,219324,gate_right_4_4,1x1x25x24,float32,600,2400,dense_binary_bank,False,False,False,True,False,False,False,0.0,1,"[1.0,1.0]",0.0,Mul,Mulâ†’Mulâ†’ConvTransposeâ†’ConvTransposeâ†’Sumâ†’Sumâ†’Greater,False,False,False,
task367,219324,gate_left_4_5,1x1x25x24,float32,600,2400,one_hot_selector,False,False,False,False,False,False,True,1.0,2,"[0.0,1.0]",0.9583,Mul,Mulâ†’ConvTransposeâ†’Sumâ†’Greater,True,False,False,
task367,219324,gate_right_5_3,1x1x24x25,float32,600,2400,dense_binary_bank,False,False,False,True,False,False,False,0.0,1,"[1.0,1.0]",0.0,Mul,Mulâ†’Mulâ†’ConvTransposeâ†’ConvTransposeâ†’Sumâ†’Sumâ†’Greater,False,False,False,
task367,219324,gate_left_5_4,1x1x24x25,float32,600,2400,one_hot_selector,False,False,False,False,False,False,True,1.0,2,"[0.0,1.0]",0.96,Mul,Mulâ†’ConvTransposeâ†’Sumâ†’Greater,True,False,False,
task392,11286,v9,1x1x20x30,float32,600,2400,sparse_binary_mask,False,False,False,True,False,False,False,0.0,1,"[0.0,0.0]",1.0,Concat,Concatâ†’Concatâ†’Concatâ†’Mulâ†’Mulâ†’Mulâ†’Mulâ†’Mulâ†’Mulâ†’Mul,True,False,False,
task367,219324,gate_right_3_5,1x1x26x23,float32,598,2392,dense_binary_bank,False,False,False,True,False,False,False,0.0,1,"[1.0,1.0]",0.0,Mul,Mulâ†’ConvTransposeâ†’Sumâ†’Greater,False,False,False,
task367,219324,gate_right_5_4,1x1x24x24,float32,576,2304,dense_binary_bank,False,False,False,True,False,False,False,0.0,1,"[1.0,1.0]",0.0,Mul,Mulâ†’Mulâ†’ConvTransposeâ†’ConvTransposeâ†’Sumâ†’Sumâ†’Greater,False,False,False,
task367,219324,gate_left_5_5,1x1x24x24,float32,576,2304,one_hot_selector,False,False,False,False,False,False,True,1.0,2,"[0.0,1.0]",0.9583,Mul,Mulâ†’ConvTransposeâ†’Sumâ†’Greater,True,False,False,
task367,219324,gate_right_4_5,1x1x25x23,float32,575,2300,dense_binary_bank,False,False,False,True,False,False,False,0.0,1,"[1.0,1.0]",0.0,Mul,Mulâ†’ConvTransposeâ†’Sumâ†’Greater,False,False,False,
task277,29850,onnx::Conv_476,19x1x5x6,float32,570,2280,unknown,False,False,False,False,False,False,False,0.0,3,"[-1.0,1.0]",0.1333,Conv,Convâ†’Greaterâ†’Castâ†’ReduceSumâ†’Mulâ†’Mul,False,False,False,
task367,219324,gate_right_5_5,1x1x24x23,float32,552,2208,dense_binary_bank,False,False,False,True,False,False,False,0.0,1,"[1.0,1.0]",0.0,Mul,Mulâ†’ConvTransposeâ†’Sumâ†’Greater,False,False,False,
task209,116524,c733,30x9,int64,270,2160,interval_grid,False,False,True,False,False,False,False,0.0,38,"[-29,8]",0.0333,Equal,Equalâ†’Equalâ†’Equalâ†’Equalâ†’Equalâ†’Equalâ†’Equalâ†’Equalâ†’Equalâ†’Equal,False,True,False,
task037,25086,identity_conv_sum_group_prefix_main_w,9x1x10x10,float16,900,1800,one_hot_selector,False,False,False,False,False,False,True,1.0,2,"[0.0,1.0]",0.9,Conv,Convâ†’Convâ†’Reluâ†’Reluâ†’Mulâ†’Mulâ†’Mul,True,False,False,
task037,25086,identity_conv_sum_group_prefix_anti_w,9x1x10x10,float16,900,1800,one_hot_selector,False,False,False,False,False,False,True,1.0,2,"[0.0,1.0]",0.9,Conv,Convâ†’Convâ†’Reluâ†’Reluâ†’Mulâ†’Mulâ†’Mul,True,False,False,
task101,14360,/Constant_115_output_0,1x1x30x30,float16,900,1800,sparse_binary_mask,False,False,False,True,False,False,False,0.0,1,"[0.0,0.0]",1.0,Max,Maxâ†’Maxâ†’Maxâ†’Maxâ†’Maxâ†’Maxâ†’Convâ†’Maxâ†’Maxâ†’Cast,True,False,False,
task107,42039,v12,1x1x30x30,float16,900,1800,sparse_binary_mask,False,False,False,True,False,False,False,0.0,2,"[0.0,1.0]",0.9956,Where,Whereâ†’Whereâ†’Whereâ†’Where,True,False,False,
task107,42039,v13,1x1x30x30,float16,900,1800,sparse_binary_mask,False,False,False,True,False,False,False,0.1333,2,"[0.0,1.0]",0.9956,Where,Whereâ†’Whereâ†’Whereâ†’Where,True,False,False,
task107,42039,v14,1x1x30x30,float16,900,1800,dense_binary_bank,False,False,False,True,False,False,False,0.0,2,"[0.0,1.0]",0.9911,Where,Whereâ†’Whereâ†’Whereâ†’Where,False,False,False,
task107,42039,v18,1x1x30x30,float16,900,1800,dense_binary_bank,False,False,False,True,False,False,False,0.0,2,"[0.0,1.0]",0.9933,Where,Whereâ†’Whereâ†’Whereâ†’Where,False,False,False,
task107,42039,v19,1x1x30x30,float16,900,1800,dense_binary_bank,False,False,False,True,False,False,False,0.2,2,"[0.0,1.0]",0.9933,Where,Whereâ†’Whereâ†’Whereâ†’Where,False,False,False,
task107,42039,v20,1x1x30x30,float16,900,1800,dense_binary_bank,False,False,False,True,False,False,False,0.0,2,"[0.0,1.0]",0.9867,Where,Whereâ†’Whereâ†’Whereâ†’Where,False,False,False,
task107,42039,v24,1x1x30x30,float16,900,1800,dense_binary_bank,False,False,False,True,False,False,False,0.0,2,"[0.0,1.0]",0.9911,Where,Whereâ†’Whereâ†’Whereâ†’Where,False,False,False,
task107,42039,v25,1x1x30x30,float16,900,1800,dense_binary_bank,False,False,False,True,False,False,False,0.2667,2,"[0.0,1.0]",0.9911,Where,Whereâ†’Whereâ†’Whereâ†’Where,False,False,False,
task107,42039,v26,1x1x30x30,float16,900,1800,dense_binary_bank,False,False,False,True,False,False,False,0.0,2,"[0.0,1.0]",0.9822,Where,Whereâ†’Whereâ†’Whereâ†’Where,False,False,False,
task107,42039,v30,1x1x30x30,float16,900,1800,dense_binary_bank,False,False,False,True,False,False,False,0.0,2,"[0.0,1.0]",0.9889,Where,Whereâ†’Whereâ†’Whereâ†’Where,False,False,False,
task107,42039,v31,1x1x30x30,float16,900,1800,dense_binary_bank,False,False,False,True,False,False,False,0.3333,2,"[0.0,1.0]",0.9889,Where,Whereâ†’Whereâ†’Whereâ†’Less,False,False,False,
task107,42039,v32,1x1x30x30,float16,900,1800,dense_binary_bank,False,False,False,True,False,False,False,0.0,2,"[0.0,1.0]",0.9778,Where,Whereâ†’Whereâ†’Whereâ†’Where,False,False,False,
task107,42039,v36,1x1x30x30,float16,900,1800,dense_binary_bank,False,False,False,True,False,False,False,0.0,2,"[0.0,1.0]",0.9867,Where,Whereâ†’Whereâ†’Whereâ†’Less,False,False,False,
task107,42039,v37,1x1x30x30,float16,900,1800,dense_binary_bank,False,False,False,True,False,False,False,0.4,2,"[0.0,1.0]",0.9867,Where,Whereâ†’Whereâ†’Lessâ†’Where,False,False,False,
task107,42039,v38,1x1x30x30,float16,900,1800,dense_binary_bank,False,False,False,True,False,False,False,0.0,2,"[0.0,1.0]",0.9733,Where,Whereâ†’Whereâ†’Whereâ†’Less,False,False,False,
task221,15246,G2,1x1x30x30,float16,900,1800,dense_binary_bank,False,False,False,True,False,False,False,0.0,2,"[0.0,1.0]",0.51,Where,Whereâ†’Sumâ†’Subâ†’Concat,False,False,False,
task221,15246,G3,1x1x30x30,float16,900,1800,dense_binary_bank,False,False,False,True,False,False,False,0.0,2,"[0.0,1.0]",0.64,Where,Whereâ†’Sumâ†’Subâ†’Concat,False,False,False,
task221,15246,G4,1x1x30x30,float16,900,1800,dense_binary_bank,False,False,False,True,False,False,False,0.0,2,"[0.0,1.0]",0.75,Where,Whereâ†’Sumâ†’Subâ†’Concat,False,False,False,
task221,15246,G5,1x1x30x30,float16,900,1800,dense_binary_bank,False,False,False,True,False,False,False,0.0,2,"[0.0,1.0]",0.84,Where,Whereâ†’Sumâ†’Subâ†’Concat,False,False,False,
task221,15246,G6,1x1x30x30,float16,900,1800,dense_binary_bank,False,False,False,True,False,False,False,0.0,2,"[0.0,1.0]",0.91,Where,Whereâ†’Sumâ†’Subâ†’Concat,False,False,False,
task233,661410,border,1x1x30x30,float16,900,1800,dense_binary_bank,False,False,False,True,False,False,False,0.0,2,"[0.0,1.0]",0.8711,Mul,Mulâ†’MaxPoolâ†’Mulâ†’MaxPool,False,False,False,
task396,110040,row_bank_0,215,int64,215,1720,interval_sequence,False,False,True,False,False,False,False,0.0,15,"[0,14]",0.0698,Gather,Gatherâ†’Concatâ†’Gatherâ†’Add,False,True,False,
task396,110040,col_bank_0,215,int64,215,1720,interval_sequence,False,False,True,False,False,False,False,0.0,15,"[0,14]",0.0698,Gather,Gatherâ†’Concatâ†’Gatherâ†’Add,False,True,False,
task396,110040,row_bank_5,196,int64,196,1568,interval_sequence,False,False,True,False,False,False,False,0.0,14,"[0,13]",0.0765,Gather,Gatherâ†’Concatâ†’Gatherâ†’Add,False,True,False,
task396,110040,col_bank_5,196,int64,196,1568,interval_sequence,False,False,True,False,False,False,False,0.0,15,"[0,14]",0.0714,Gather,Gatherâ†’Concatâ†’Gatherâ†’Add,False,True,False,
task396,110040,row_bank_2,195,int64,195,1560,interval_sequence,False,False,True,False,False,False,False,0.0,15,"[0,14]",0.0667,Gather,Gatherâ†’Concatâ†’Gatherâ†’Add,False,True,False,
task396,110040,col_bank_2,195,int64,195,1560,interval_sequence,False,False,True,False,False,False,False,0.0,13,"[0,12]",0.0769,Gather,Gatherâ†’Concatâ†’Gatherâ†’Add,False,True,False,
task396,110040,row_bank_1,193,int64,193,1544,interval_sequence,False,False,True,False,False,False,False,0.0,14,"[0,13]",0.0725,Gather,Gatherâ†’Concatâ†’Gatherâ†’Add,False,True,False,
task396,110040,col_bank_1,193,int64,193,1544,interval_sequence,False,False,True,False,False,False,False,0.0,14,"[0,13]",0.0725,Gather,Gatherâ†’Concatâ†’Gatherâ†’Add,False,True,False,
task277,29850,onnx::ConvTranspose_489,31x1x4x3,float32,372,1488,dense_binary_bank,False,False,False,True,False,False,False,0.1855,2,"[0.0,1.0]",0.2097,ConvTranspose,ConvTransposeâ†’ConvTransposeâ†’ReduceSumâ†’ReduceSumâ†’Addâ†’Addâ†’Addâ†’Add,False,False,False,
task277,29850,onnx::ConvTranspose_493,23x1x4x4,float32,368,1472,dense_binary_bank,False,False,False,True,False,False,False,0.0761,2,"[0.0,1.0]",0.212,ConvTranspose,ConvTransposeâ†’ConvTransposeâ†’ReduceSumâ†’ReduceSumâ†’Addâ†’Addâ†’Greaterâ†’Greater,False,False,False,
task133,1406822,fill_border_counts_4_weight,10x1x6x6,float32,360,1440,dense_binary_bank,False,False,False,True,False,False,False,0.0,2,"[0.0,1.0]",0.4444,Conv,Convâ†’Greaterâ†’Whereâ†’Mulâ†’Mulâ†’Mulâ†’Mulâ†’Mulâ†’Mulâ†’Mul,False,False,False,
task209,116524,c58,30x6,int64,180,1440,interval_grid,False,False,True,False,False,False,False,0.0,35,"[-29,5]",0.0333,Equal,Equalâ†’Equalâ†’Equalâ†’Equalâ†’Equalâ†’Equalâ†’Equalâ†’Equalâ†’Equalâ†’Equal,False,True,False,
task396,110040,row_bank_6,177,int64,177,1416,interval_sequence,False,False,True,False,False,False,False,0.0,13,"[0,12]",0.0791,Gather,Gatherâ†’Concatâ†’Gatherâ†’Add,False,True,False,
task396,110040,col_bank_6,177,int64,177,1416,interval_sequence,False,False,True,False,False,False,False,0.0,14,"[0,13]",0.0734,Gather,Gatherâ†’Concatâ†’Gatherâ†’Add,False,True,False,
task396,110040,row_bank_11,169,int64,169,1352,interval_sequence,False,False,True,False,False,False,False,0.0,13,"[0,12]",0.0769,Gather,Gatherâ†’Concatâ†’Gatherâ†’Add,False,True,False,
task396,110040,col_bank_11,169,int64,169,1352,interval_sequence,False,False,True,False,False,False,False,0.0,13,"[0,12]",0.0769,Gather,Gatherâ†’Concatâ†’Gatherâ†’Add,False,True,False,
task396,110040,row_bank_10,166,int64,166,1328,interval_sequence,False,False,True,False,False,False,False,0.0,12,"[0,11]",0.0843,Gather,Gatherâ†’Concatâ†’Gatherâ†’Add,False,True,False,
task396,110040,col_bank_10,166,int64,166,1328,interval_sequence,False,False,True,False,False,False,False,0.0,14,"[0,13]",0.0723,Gather,Gatherâ†’Concatâ†’Gatherâ†’Add,False,True,False,
task396,110040,row_bank_7,164,int64,164,1312,interval_sequence,False,False,True,False,False,False,False,0.0,13,"[0,12]",0.0793,Gather,Gatherâ†’Concatâ†’Gatherâ†’Add,False,True,False,
task396,110040,col_bank_7,164,int64,164,1312,interval_sequence,False,False,True,False,False,False,False,0.0,13,"[0,12]",0.0793,Gather,Gatherâ†’Concatâ†’Gatherâ†’Add,False,True,False,
task396,110040,row_bank_3,162,int64,162,1296,interval_sequence,False,False,True,False,False,False,False,0.0,14,"[0,13]",0.0741,Gather,Gatherâ†’Concatâ†’Gatherâ†’Add,False,True,False,
task396,110040,col_bank_3,162,int64,162,1296,interval_sequence,False,False,True,False,False,False,False,0.0,12,"[0,11]",0.0864,Gather,Gatherâ†’Concatâ†’Gatherâ†’Add,False,True,False,
task396,110040,row_bank_14,162,int64,162,1296,interval_sequence,False,False,True,False,False,False,False,0.0,11,"[0,10]",0.0926,Gather,Gatherâ†’Concatâ†’Gatherâ†’Add,False,True,False,
task396,110040,col_bank_14,162,int64,162,1296,interval_sequence,False,False,True,False,False,False,False,0.0,15,"[0,14]",0.0679,Gather,Gatherâ†’Concatâ†’Gatherâ†’Add,False,True,False,
task159,12549,v10,1x10x8x8,float16,640,1280,dense_binary_bank,False,False,False,True,False,False,False,0.0,2,"[0.0,1.0]",0.9563,Add,Addâ†’Whereâ†’Padâ†’Sum,False,False,False,
task290,35612,row_bank_0,159,int64,159,1272,interval_sequence,False,False,True,False,False,False,False,0.0,13,"[0,12]",0.0818,Gather,Gatherâ†’Concatâ†’Gatherâ†’Add,False,True,False,
task290,35612,col_bank_0,159,int64,159,1272,interval_sequence,False,False,True,False,False,False,False,0.0,13,"[0,12]",0.0818,Gather,Gatherâ†’Concatâ†’Gatherâ†’Add,False,True,False,
task392,11286,packed_v47_table,76x2,int64,152,1216,coordinate_bank,False,False,False,False,False,True,False,0.0,69,"[536084736,1152360205658957385]",0.0,Gather,Gatherâ†’Unsqueezeâ†’Divâ†’Mod,False,False,False,
task396,110040,row_bank_8,152,int64,152,1216,interval_sequence,False,False,True,False,False,False,False,0.0,13,"[0,12]",0.0789,Gather,Gatherâ†’Concatâ†’Gatherâ†’Add,False,True,False,
task396,110040,col_bank_8,152,int64,152,1216,interval_sequence,False,False,True,False,False,False,False,0.0,12,"[0,11]",0.0855,Gather,Gatherâ†’Concatâ†’Gatherâ†’Add,False,True,False,
task396,110040,row_bank_15,152,int64,152,1216,interval_sequence,False,False,True,False,False,False,False,0.0,11,"[0,10]",0.0921,Gather,Gatherâ†’Concatâ†’Gatherâ†’Add,False,True,False,
task396,110040,col_bank_15,152,int64,152,1216,interval_sequence,False,False,True,False,False,False,False,0.0,14,"[0,13]",0.0724,Gather,Gatherâ†’Concatâ†’Gatherâ†’Add,False,True,False,
task209,116524,c36,30x5,int64,150,1200,interval_grid,False,False,True,False,False,False,False,0.0,34,"[-4,29]",0.0333,Equal,Equalâ†’Castâ†’MatMulâ†’ConvTransposeâ†’ConvTransposeâ†’ConvTranspose,False,True,False,
task396,110040,row_bank_4,149,int64,149,1192,interval_sequence,False,False,True,False,False,False,False,0.0,14,"[0,13]",0.0738,Gather,Gatherâ†’Concatâ†’Gatherâ†’Add,False,True,False,
task396,110040,col_bank_4,149,int64,149,1192,interval_sequence,False,False,True,False,False,False,False,0.0,11,"[0,10]",0.094,Gather,Gatherâ†’Concatâ†’Gatherâ†’Add,False,True,False,
task396,110040,row_bank_19,149,int64,149,1192,interval_sequence,False,False,True,False,False,False,False,0.0,10,"[0,9]",0.1007,Gather,Gatherâ†’Concatâ†’Gatherâ†’Add,False,True,False,
task396,110040,col_bank_19,149,int64,149,1192,interval_sequence,False,False,True,False,False,False,False,0.0,15,"[0,14]",0.0671,Gather,Gatherâ†’Concatâ†’Gatherâ†’Add,False,True,False,
task277,29850,onnx::ConvTranspose_473,33x1x3x3,float32,297,1188,dense_binary_bank,False,False,False,True,False,False,False,0.1616,2,"[0.0,1.0]",0.2391,ConvTranspose,ConvTransposeâ†’ConvTransposeâ†’ReduceSumâ†’ReduceSumâ†’Addâ†’Addâ†’Addâ†’Add,False,False,False,
task396,110040,row_bank_17,144,int64,144,1152,interval_sequence,False,False,True,False,False,False,False,0.0,12,"[0,11]",0.0833,Gather,Gatherâ†’Concatâ†’Gatherâ†’Add,False,True,False,
task396,110040,col_bank_17,144,int64,144,1152,interval_sequence,False,False,True,False,False,False,False,0.0,12,"[0,11]",0.0833,Gather,Gatherâ†’Concatâ†’Gatherâ†’Add,False,True,False,
task396,110040,row_bank_12,143,int64,143,1144,interval_sequence,False,False,True,False,False,False,False,0.0,12,"[0,11]",0.0839,Gather,Gatherâ†’Concatâ†’Gatherâ†’Add,False,True,False,
task396,110040,col_bank_12,143,int64,143,1144,interval_sequence,False,False,True,False,False,False,False,0.0,12,"[0,11]",0.0839,Gather,Gatherâ†’Concatâ†’Gatherâ†’Add,False,True,False,
task396,110040,row_bank_16,141,int64,141,1128,interval_sequence,False,False,True,False,False,False,False,0.0,11,"[0,10]",0.0922,Gather,Gatherâ†’Concatâ†’Gatherâ†’Add,False,True,False,
task396,110040,col_bank_16,141,int64,141,1128,interval_sequence,False,False,True,False,False,False,False,0.0,13,"[0,12]",0.078,Gather,Gatherâ†’Concatâ†’Gatherâ†’Add,False,True,False,
task396,110040,row_bank_9,139,int64,139,1112,interval_sequence,False,False,True,False,False,False,False,0.0,13,"[0,12]",0.0791,Gather,Gatherâ†’Concatâ†’Gatherâ†’Add,False,True,False,
task396,110040,col_bank_9,139,int64,139,1112,interval_sequence,False,False,True,False,False,False,False,0.0,11,"[0,10]",0.0935,Gather,Gatherâ†’Concatâ†’Gatherâ†’Add,False,True,False,
task396,110040,row_bank_20,139,int64,139,1112,interval_sequence,False,False,True,False,False,False,False,0.0,10,"[0,9]",0.1007,Gather,Gatherâ†’Concatâ†’Gatherâ†’Add,False,True,False,
task396,110040,col_bank_20,139,int64,139,1112,interval_sequence,False,False,True,False,False,False,False,0.0,14,"[0,13]",0.0719,Gather,Gatherâ†’Concatâ†’Gatherâ†’Add,False,True,False,
task396,110040,row_bank_21,138,int64,138,1104,interval_sequence,False,False,True,False,False,False,False,0.0,11,"[0,10]",0.0942,Gather,Gatherâ†’Concatâ†’Gatherâ†’Add,False,True,False,
task396,110040,col_bank_21,138,int64,138,1104,interval_sequence,False,False,True,False,False,False,False,0.0,13,"[0,12]",0.0797,Gather,Gatherâ†’Concatâ†’Gatherâ†’Add,False,True,False,
task396,110040,row_bank_13,133,int64,133,1064,interval_sequence,False,False,True,False,False,False,False,0.0,13,"[0,12]",0.0827,Gather,Gatherâ†’Concatâ†’Gatherâ†’Add,False,True,False,
task396,110040,col_bank_13,133,int64,133,1064,interval_sequence,False,False,True,False,False,False,False,0.0,11,"[0,10]",0.0977,Gather,Gatherâ†’Concatâ†’Gatherâ†’Add,False,True,False,
task277,29850,onnx::Conv_464,11x1x4x6,float32,264,1056,unknown,False,False,False,False,False,False,False,0.0,3,"[-1.0,1.0]",0.1667,Conv,Convâ†’Greaterâ†’Castâ†’ReduceSumâ†’Mulâ†’Mul,False,False,False,
task396,110040,row_bank_18,132,int64,132,1056,interval_sequence,False,False,True,False,False,False,False,0.0,12,"[0,11]",0.0833,Gather,Gatherâ†’Concatâ†’Gatherâ†’Add,False,True,False,
task396,110040,col_bank_18,132,int64,132,1056,interval_sequence,False,False,True,False,False,False,False,0.0,11,"[0,10]",0.0909,Gather,Gatherâ†’Concatâ†’Gatherâ†’Add,False,True,False,
task290,35612,row_bank_1,130,int64,130,1040,interval_sequence,False,False,True,False,False,False,False,0.0,11,"[0,10]",0.0923,Gather,Gatherâ†’Concatâ†’Gatherâ†’Add,False,True,False,
task290,35612,col_bank_1,130,int64,130,1040,interval_sequence,False,False,True,False,False,False,False,0.0,12,"[0,11]",0.0846,Gather,Gatherâ†’Concatâ†’Gatherâ†’Add,False,True,False,
task133,1406822,fill_border_counts_3_weight,10x1x5x5,float32,250,1000,dense_binary_bank,False,False,False,True,False,False,False,0.0,2,"[0.0,1.0]",0.36,Conv,Convâ†’Greaterâ†’Whereâ†’Mulâ†’Mulâ†’Mulâ†’Mulâ†’Mulâ†’Mulâ†’Mul,False,False,False,
