task_id,source_model_path,output_model_path,source_cost,output_cost,cost_delta,source_file_size_bytes,output_file_size_bytes,file_size_delta,source_initializer_count,output_initializer_count,removed_unused_initializers,deduplicated_initializers
task001,outputs\reference_6275_flat\task001.onnx,outputs\candidates\ref6275_deduplicated\task001_DeduplicateInitializers.onnx,150,150,0,1082,1082,0,4,4,0,0
task002,outputs\reference_6275_flat\task002.onnx,outputs\candidates\ref6275_deduplicated\task002_DeduplicateInitializers.onnx,765,765,0,14560,14560,0,31,31,0,0
task003,outputs\reference_6275_flat\task003.onnx,outputs\candidates\ref6275_deduplicated\task003_DeduplicateInitializers.onnx,138,138,0,5000,5000,0,12,12,0,0
task004,outputs\reference_6275_flat\task004.onnx,outputs\candidates\ref6275_deduplicated\task004_DeduplicateInitializers.onnx,3060,3060,0,2522,2522,0,4,4,0,0
task005,outputs\reference_6275_flat\task005.onnx,outputs\candidates\ref6275_deduplicated\task005_DeduplicateInitializers.onnx,1044,1044,0,10910,10910,0,19,19,0,0
task006,outputs\reference_6275_flat\task006.onnx,outputs\candidates\ref6275_deduplicated\task006_DeduplicateInitializers.onnx,297,297,0,1124,1124,0,10,10,0,0
task007,outputs\reference_6275_flat\task007.onnx,outputs\candidates\ref6275_deduplicated\task007_DeduplicateInitializers.onnx,267,267,0,1258,1258,0,13,13,0,0
task008,outputs\reference_6275_flat\task008.onnx,outputs\candidates\ref6275_deduplicated\task008_DeduplicateInitializers.onnx,377,377,0,7647,7647,0,20,20,0,0
task009,outputs\reference_6275_flat\task009.onnx,outputs\candidates\ref6275_deduplicated\task009_DeduplicateInitializers.onnx,33147,33147,0,30956,30956,0,6,6,0,0
task010,outputs\reference_6275_flat\task010.onnx,outputs\candidates\ref6275_deduplicated\task010_DeduplicateInitializers.onnx,432,432,0,6176,6176,0,25,25,0,0
task011,outputs\reference_6275_flat\task011.onnx,outputs\candidates\ref6275_deduplicated\task011_DeduplicateInitializers.onnx,7065,7065,0,10170,10170,0,22,22,0,0
task012,outputs\reference_6275_flat\task012.onnx,outputs\candidates\ref6275_deduplicated\task012_DeduplicateInitializers.onnx,596,596,0,1906,1906,0,14,14,0,0
task013,outputs\reference_6275_flat\task013.onnx,outputs\candidates\ref6275_deduplicated\task013_DeduplicateInitializers.onnx,6795,6795,0,18384,18384,0,16,16,0,0
task014,outputs\reference_6275_flat\task014.onnx,outputs\candidates\ref6275_deduplicated\task014_DeduplicateInitializers.onnx,3375,3375,0,5317,5317,0,17,17,0,0
task015,outputs\reference_6275_flat\task015.onnx,outputs\candidates\ref6275_deduplicated\task015_DeduplicateInitializers.onnx,4500,4500,0,3774,3774,0,1,1,0,0
task016,outputs\reference_6275_flat\task016.onnx,outputs\candidates\ref6275_deduplicated\task016_DeduplicateInitializers.onnx,90,90,0,158,158,0,1,1,0,0
task017,outputs\reference_6275_flat\task017.onnx,outputs\candidates\ref6275_deduplicated\task017_DeduplicateInitializers.onnx,1523,1523,0,5585,5585,0,27,27,0,0
task018,outputs\reference_6275_flat\task018.onnx,outputs\candidates\ref6275_deduplicated\task018_DeduplicateInitializers.onnx,3245,3245,0,29350,29350,0,32,32,0,0
task019,outputs\reference_6275_flat\task019.onnx,outputs\candidates\ref6275_deduplicated\task019_DeduplicateInitializers.onnx,570,570,0,2566,2566,0,13,13,0,0
task020,outputs\reference_6275_flat\task020.onnx,outputs\candidates\ref6275_deduplicated\task020_DeduplicateInitializers.onnx,786,786,0,19672,19672,0,25,25,0,0
task021,outputs\reference_6275_flat\task021.onnx,outputs\candidates\ref6275_deduplicated\task021_DeduplicateInitializers.onnx,725,725,0,15197,15197,0,20,20,0,0
task022,outputs\reference_6275_flat\task022.onnx,outputs\candidates\ref6275_deduplicated\task022_DeduplicateInitializers.onnx,1061,1061,0,5021,5021,0,25,25,0,0
task023,outputs\reference_6275_flat\task023.onnx,outputs\candidates\ref6275_deduplicated\task023_DeduplicateInitializers.onnx,303,303,0,33105,33105,0,16,16,0,0
task024,outputs\reference_6275_flat\task024.onnx,outputs\candidates\ref6275_deduplicated\task024_DeduplicateInitializers.onnx,765,765,0,3233,3233,0,11,11,0,0
task025,outputs\reference_6275_flat\task025.onnx,outputs\candidates\ref6275_deduplicated\task025_DeduplicateInitializers.onnx,447,447,0,13460,13460,0,28,28,0,0
task026,outputs\reference_6275_flat\task026.onnx,outputs\candidates\ref6275_deduplicated\task026_DeduplicateInitializers.onnx,210,210,0,1309,1309,0,8,8,0,0
task027,outputs\reference_6275_flat\task027.onnx,outputs\candidates\ref6275_deduplicated\task027_DeduplicateInitializers.onnx,329,329,0,2073,2073,0,12,12,0,0
task028,outputs\reference_6275_flat\task028.onnx,outputs\candidates\ref6275_deduplicated\task028_DeduplicateInitializers.onnx,857,857,0,2079,2079,0,10,10,0,0
task029,outputs\reference_6275_flat\task029.onnx,outputs\candidates\ref6275_deduplicated\task029_DeduplicateInitializers.onnx,978,978,0,13589,13589,0,15,15,0,0
task030,outputs\reference_6275_flat\task030.onnx,outputs\candidates\ref6275_deduplicated\task030_DeduplicateInitializers.onnx,924,924,0,7164,7164,0,19,19,0,0
task031,outputs\reference_6275_flat\task031.onnx,outputs\candidates\ref6275_deduplicated\task031_DeduplicateInitializers.onnx,470,470,0,3417,3417,0,13,13,0,0
task032,outputs\reference_6275_flat\task032.onnx,outputs\candidates\ref6275_deduplicated\task032_DeduplicateInitializers.onnx,409,409,0,2347,2347,0,10,10,0,0
task033,outputs\reference_6275_flat\task033.onnx,outputs\candidates\ref6275_deduplicated\task033_DeduplicateInitializers.onnx,369,369,0,1510,1510,0,6,6,0,0
task034,outputs\reference_6275_flat\task034.onnx,outputs\candidates\ref6275_deduplicated\task034_DeduplicateInitializers.onnx,7701,7701,0,8450,8450,0,16,16,0,0
task035,outputs\reference_6275_flat\task035.onnx,outputs\candidates\ref6275_deduplicated\task035_DeduplicateInitializers.onnx,455,455,0,3707,3707,0,16,16,0,0
task036,outputs\reference_6275_flat\task036.onnx,outputs\candidates\ref6275_deduplicated\task036_DeduplicateInitializers.onnx,867,867,0,3950,3950,0,16,16,0,0
task037,outputs\reference_6275_flat\task037.onnx,outputs\candidates\ref6275_deduplicated\task037_DeduplicateInitializers.onnx,25086,25086,0,20424,20424,0,13,13,0,0
task038,outputs\reference_6275_flat\task038.onnx,outputs\candidates\ref6275_deduplicated\task038_DeduplicateInitializers.onnx,298,298,0,2559,2559,0,13,13,0,0
task039,outputs\reference_6275_flat\task039.onnx,outputs\candidates\ref6275_deduplicated\task039_DeduplicateInitializers.onnx,248,248,0,1913,1913,0,9,9,0,0
task040,outputs\reference_6275_flat\task040.onnx,outputs\candidates\ref6275_deduplicated\task040_DeduplicateInitializers.onnx,370,370,0,4167,4167,0,20,20,0,0
task041,outputs\reference_6275_flat\task041.onnx,outputs\candidates\ref6275_deduplicated\task041_DeduplicateInitializers.onnx,187,187,0,2110,2110,0,7,7,0,0
task042,outputs\reference_6275_flat\task042.onnx,outputs\candidates\ref6275_deduplicated\task042_DeduplicateInitializers.onnx,2445,2445,0,8525,8525,0,22,22,0,0
task043,outputs\reference_6275_flat\task043.onnx,outputs\candidates\ref6275_deduplicated\task043_DeduplicateInitializers.onnx,772,772,0,2224,2224,0,13,13,0,0
task044,outputs\reference_6275_flat\task044.onnx,outputs\candidates\ref6275_deduplicated\task044_DeduplicateInitializers.onnx,567,567,0,22589,22589,0,21,21,0,0
task045,outputs\reference_6275_flat\task045.onnx,outputs\candidates\ref6275_deduplicated\task045_DeduplicateInitializers.onnx,225,225,0,1425,1425,0,9,9,0,0
task046,outputs\reference_6275_flat\task046.onnx,outputs\candidates\ref6275_deduplicated\task046_DeduplicateInitializers.onnx,2772,2772,0,5299,5299,0,26,26,0,0
task047,outputs\reference_6275_flat\task047.onnx,outputs\candidates\ref6275_deduplicated\task047_DeduplicateInitializers.onnx,324,324,0,3091,3091,0,8,8,0,0
task048,outputs\reference_6275_flat\task048.onnx,outputs\candidates\ref6275_deduplicated\task048_DeduplicateInitializers.onnx,396,396,0,4058,4058,0,15,15,0,0
task049,outputs\reference_6275_flat\task049.onnx,outputs\candidates\ref6275_deduplicated\task049_DeduplicateInitializers.onnx,942,942,0,3516,3516,0,12,12,0,0
task050,outputs\reference_6275_flat\task050.onnx,outputs\candidates\ref6275_deduplicated\task050_DeduplicateInitializers.onnx,675,675,0,2006,2006,0,9,9,0,0
task051,outputs\reference_6275_flat\task051.onnx,outputs\candidates\ref6275_deduplicated\task051_DeduplicateInitializers.onnx,612,612,0,3352,3352,0,12,12,0,0
task052,outputs\reference_6275_flat\task052.onnx,outputs\candidates\ref6275_deduplicated\task052_DeduplicateInitializers.onnx,231,231,0,986,986,0,12,12,0,0
task053,outputs\reference_6275_flat\task053.onnx,outputs\candidates\ref6275_deduplicated\task053_DeduplicateInitializers.onnx,270,270,0,175,175,0,1,1,0,0
task054,outputs\reference_6275_flat\task054.onnx,outputs\candidates\ref6275_deduplicated\task054_DeduplicateInitializers.onnx,1061,1061,0,5551,5551,0,16,16,0,0
task055,outputs\reference_6275_flat\task055.onnx,outputs\candidates\ref6275_deduplicated\task055_DeduplicateInitializers.onnx,3162,3162,0,13886,13886,0,37,37,0,0
task056,outputs\reference_6275_flat\task056.onnx,outputs\candidates\ref6275_deduplicated\task056_DeduplicateInitializers.onnx,231,231,0,815,815,0,3,3,0,0
task057,outputs\reference_6275_flat\task057.onnx,outputs\candidates\ref6275_deduplicated\task057_DeduplicateInitializers.onnx,173,173,0,1616,1616,0,6,6,0,0
task058,outputs\reference_6275_flat\task058.onnx,outputs\candidates\ref6275_deduplicated\task058_DeduplicateInitializers.onnx,19415,19415,0,14194,14194,0,11,11,0,0
task059,outputs\reference_6275_flat\task059.onnx,outputs\candidates\ref6275_deduplicated\task059_DeduplicateInitializers.onnx,7821,7821,0,6897,6897,0,16,16,0,0
task060,outputs\reference_6275_flat\task060.onnx,outputs\candidates\ref6275_deduplicated\task060_DeduplicateInitializers.onnx,771,771,0,2458,2458,0,18,18,0,0
task061,outputs\reference_6275_flat\task061.onnx,outputs\candidates\ref6275_deduplicated\task061_DeduplicateInitializers.onnx,17726,17726,0,17030,17030,0,12,12,0,0
task062,outputs\reference_6275_flat\task062.onnx,outputs\candidates\ref6275_deduplicated\task062_DeduplicateInitializers.onnx,2994,2994,0,23218,23218,0,29,29,0,0
task063,outputs\reference_6275_flat\task063.onnx,outputs\candidates\ref6275_deduplicated\task063_DeduplicateInitializers.onnx,276,276,0,3709,3709,0,13,13,0,0
task064,outputs\reference_6275_flat\task064.onnx,outputs\candidates\ref6275_deduplicated\task064_DeduplicateInitializers.onnx,784,784,0,7151,7151,0,20,20,0,0
task065,outputs\reference_6275_flat\task065.onnx,outputs\candidates\ref6275_deduplicated\task065_DeduplicateInitializers.onnx,369,369,0,1853,1853,0,12,12,0,0
task066,outputs\reference_6275_flat\task066.onnx,outputs\candidates\ref6275_deduplicated\task066_DeduplicateInitializers.onnx,1236,1236,0,27538,27538,0,21,21,0,0
task067,outputs\reference_6275_flat\task067.onnx,outputs\candidates\ref6275_deduplicated\task067_DeduplicateInitializers.onnx,165,165,0,892,892,0,4,4,0,0
task068,outputs\reference_6275_flat\task068.onnx,outputs\candidates\ref6275_deduplicated\task068_DeduplicateInitializers.onnx,177,177,0,1602,1602,0,11,11,0,0
task069,outputs\reference_6275_flat\task069.onnx,outputs\candidates\ref6275_deduplicated\task069_DeduplicateInitializers.onnx,4602,4602,0,30432,30432,0,41,41,0,0
task070,outputs\reference_6275_flat\task070.onnx,outputs\candidates\ref6275_deduplicated\task070_DeduplicateInitializers.onnx,258,258,0,11844,11844,0,16,16,0,0
task071,outputs\reference_6275_flat\task071.onnx,outputs\candidates\ref6275_deduplicated\task071_DeduplicateInitializers.onnx,393,393,0,5298,5298,0,13,13,0,0
task072,outputs\reference_6275_flat\task072.onnx,outputs\candidates\ref6275_deduplicated\task072_DeduplicateInitializers.onnx,255,255,0,1289,1289,0,8,8,0,0
task073,outputs\reference_6275_flat\task073.onnx,outputs\candidates\ref6275_deduplicated\task073_DeduplicateInitializers.onnx,4550,4550,0,3825,3825,0,2,2,0,0
task074,outputs\reference_6275_flat\task074.onnx,outputs\candidates\ref6275_deduplicated\task074_DeduplicateInitializers.onnx,321,321,0,1824,1824,0,13,13,0,0
task075,outputs\reference_6275_flat\task075.onnx,outputs\candidates\ref6275_deduplicated\task075_DeduplicateInitializers.onnx,507,507,0,6812,6812,0,30,30,0,0
task076,outputs\reference_6275_flat\task076.onnx,outputs\candidates\ref6275_deduplicated\task076_DeduplicateInitializers.onnx,1461,1461,0,24619,24619,0,32,32,0,0
task077,outputs\reference_6275_flat\task077.onnx,outputs\candidates\ref6275_deduplicated\task077_DeduplicateInitializers.onnx,921,921,0,3638,3638,0,20,20,0,0
task078,outputs\reference_6275_flat\task078.onnx,outputs\candidates\ref6275_deduplicated\task078_DeduplicateInitializers.onnx,252,252,0,1974,1974,0,11,11,0,0
task079,outputs\reference_6275_flat\task079.onnx,outputs\candidates\ref6275_deduplicated\task079_DeduplicateInitializers.onnx,1301,1301,0,2695,2695,0,7,7,0,0
task080,outputs\reference_6275_flat\task080.onnx,outputs\candidates\ref6275_deduplicated\task080_DeduplicateInitializers.onnx,1198,1198,0,10180,10180,0,35,35,0,0
task081,outputs\reference_6275_flat\task081.onnx,outputs\candidates\ref6275_deduplicated\task081_DeduplicateInitializers.onnx,627,627,0,3749,3749,0,17,17,0,0
task082,outputs\reference_6275_flat\task082.onnx,outputs\candidates\ref6275_deduplicated\task082_DeduplicateInitializers.onnx,392,392,0,1638,1638,0,8,8,0,0
task083,outputs\reference_6275_flat\task083.onnx,outputs\candidates\ref6275_deduplicated\task083_DeduplicateInitializers.onnx,9000,9000,0,7454,7454,0,1,1,0,0
task084,outputs\reference_6275_flat\task084.onnx,outputs\candidates\ref6275_deduplicated\task084_DeduplicateInitializers.onnx,499,499,0,2820,2820,0,14,14,0,0
task085,outputs\reference_6275_flat\task085.onnx,outputs\candidates\ref6275_deduplicated\task085_DeduplicateInitializers.onnx,558,558,0,2547,2547,0,14,14,0,0
task086,outputs\reference_6275_flat\task086.onnx,outputs\candidates\ref6275_deduplicated\task086_DeduplicateInitializers.onnx,717,717,0,3099,3099,0,19,19,0,0
task087,outputs\reference_6275_flat\task087.onnx,outputs\candidates\ref6275_deduplicated\task087_DeduplicateInitializers.onnx,72,72,0,394,394,0,4,4,0,0
task088,outputs\reference_6275_flat\task088.onnx,outputs\candidates\ref6275_deduplicated\task088_DeduplicateInitializers.onnx,1008,1008,0,4099,4099,0,20,20,0,0
task089,outputs\reference_6275_flat\task089.onnx,outputs\candidates\ref6275_deduplicated\task089_DeduplicateInitializers.onnx,876,876,0,11171,11171,0,24,24,0,0
task090,outputs\reference_6275_flat\task090.onnx,outputs\candidates\ref6275_deduplicated\task090_DeduplicateInitializers.onnx,438,438,0,19660,19660,0,41,41,0,0
task091,outputs\reference_6275_flat\task091.onnx,outputs\candidates\ref6275_deduplicated\task091_DeduplicateInitializers.onnx,702,702,0,4393,4393,0,14,14,0,0
task092,outputs\reference_6275_flat\task092.onnx,outputs\candidates\ref6275_deduplicated\task092_DeduplicateInitializers.onnx,163,163,0,3438,3438,0,11,11,0,0
task093,outputs\reference_6275_flat\task093.onnx,outputs\candidates\ref6275_deduplicated\task093_DeduplicateInitializers.onnx,354,354,0,6234,6234,0,10,10,0,0
task094,outputs\reference_6275_flat\task094.onnx,outputs\candidates\ref6275_deduplicated\task094_DeduplicateInitializers.onnx,552,552,0,2932,2932,0,11,11,0,0
task095,outputs\reference_6275_flat\task095.onnx,outputs\candidates\ref6275_deduplicated\task095_DeduplicateInitializers.onnx,4550,4550,0,3950,3950,0,2,2,0,0
task096,outputs\reference_6275_flat\task096.onnx,outputs\candidates\ref6275_deduplicated\task096_DeduplicateInitializers.onnx,3998,3998,0,42567,42567,0,47,47,0,0
task097,outputs\reference_6275_flat\task097.onnx,outputs\candidates\ref6275_deduplicated\task097_DeduplicateInitializers.onnx,27,27,0,904,904,0,1,1,0,0
task098,outputs\reference_6275_flat\task098.onnx,outputs\candidates\ref6275_deduplicated\task098_DeduplicateInitializers.onnx,4550,4550,0,3836,3836,0,2,2,0,0
task099,outputs\reference_6275_flat\task099.onnx,outputs\candidates\ref6275_deduplicated\task099_DeduplicateInitializers.onnx,24550,24550,0,19839,19839,0,2,2,0,0
task100,outputs\reference_6275_flat\task100.onnx,outputs\candidates\ref6275_deduplicated\task100_DeduplicateInitializers.onnx,335,335,0,4954,4954,0,14,14,0,0
task101,outputs\reference_6275_flat\task101.onnx,outputs\candidates\ref6275_deduplicated\task101_DeduplicateInitializers.onnx,594,594,0,19538,19538,0,27,27,0,0
task102,outputs\reference_6275_flat\task102.onnx,outputs\candidates\ref6275_deduplicated\task102_DeduplicateInitializers.onnx,1809,1809,0,6482,6482,0,25,25,0,0
task103,outputs\reference_6275_flat\task103.onnx,outputs\candidates\ref6275_deduplicated\task103_DeduplicateInitializers.onnx,180,180,0,979,979,0,9,9,0,0
task104,outputs\reference_6275_flat\task104.onnx,outputs\candidates\ref6275_deduplicated\task104_DeduplicateInitializers.onnx,3066,3066,0,3505,3505,0,16,16,0,0
task105,outputs\reference_6275_flat\task105.onnx,outputs\candidates\ref6275_deduplicated\task105_DeduplicateInitializers.onnx,606,606,0,8053,8053,0,18,18,0,0
task106,outputs\reference_6275_flat\task106.onnx,outputs\candidates\ref6275_deduplicated\task106_DeduplicateInitializers.onnx,746,746,0,2939,2939,0,16,16,0,0
task107,outputs\reference_6275_flat\task107.onnx,outputs\candidates\ref6275_deduplicated\task107_DeduplicateInitializers.onnx,42039,42039,0,31191,31191,0,30,30,0,0
task108,outputs\reference_6275_flat\task108.onnx,outputs\candidates\ref6275_deduplicated\task108_DeduplicateInitializers.onnx,9000,9000,0,7454,7454,0,1,1,0,0
task109,outputs\reference_6275_flat\task109.onnx,outputs\candidates\ref6275_deduplicated\task109_DeduplicateInitializers.onnx,2280,2280,0,5257,5257,0,14,14,0,0
task110,outputs\reference_6275_flat\task110.onnx,outputs\candidates\ref6275_deduplicated\task110_DeduplicateInitializers.onnx,2945,2945,0,20525,20525,0,52,52,0,0
task111,outputs\reference_6275_flat\task111.onnx,outputs\candidates\ref6275_deduplicated\task111_DeduplicateInitializers.onnx,225,225,0,1499,1499,0,8,8,0,0
task112,outputs\reference_6275_flat\task112.onnx,outputs\candidates\ref6275_deduplicated\task112_DeduplicateInitializers.onnx,564,564,0,3987,3987,0,18,18,0,0
task113,outputs\reference_6275_flat\task113.onnx,outputs\candidates\ref6275_deduplicated\task113_DeduplicateInitializers.onnx,270,270,0,499,499,0,1,1,0,0
task114,outputs\reference_6275_flat\task114.onnx,outputs\candidates\ref6275_deduplicated\task114_DeduplicateInitializers.onnx,924,924,0,4671,4671,0,20,20,0,0
task115,outputs\reference_6275_flat\task115.onnx,outputs\candidates\ref6275_deduplicated\task115_DeduplicateInitializers.onnx,423,423,0,3952,3952,0,20,20,0,0
task116,outputs\reference_6275_flat\task116.onnx,outputs\candidates\ref6275_deduplicated\task116_DeduplicateInitializers.onnx,270,270,0,479,479,0,1,1,0,0
task117,outputs\reference_6275_flat\task117.onnx,outputs\candidates\ref6275_deduplicated\task117_DeduplicateInitializers.onnx,1187,1187,0,7592,7592,0,39,39,0,0
task118,outputs\reference_6275_flat\task118.onnx,outputs\candidates\ref6275_deduplicated\task118_DeduplicateInitializers.onnx,522,522,0,4432,4432,0,13,13,0,0
task119,outputs\reference_6275_flat\task119.onnx,outputs\candidates\ref6275_deduplicated\task119_DeduplicateInitializers.onnx,612,612,0,13672,13672,0,22,22,0,0
task120,outputs\reference_6275_flat\task120.onnx,outputs\candidates\ref6275_deduplicated\task120_DeduplicateInitializers.onnx,4550,4550,0,3836,3836,0,2,2,0,0
task121,outputs\reference_6275_flat\task121.onnx,outputs\candidates\ref6275_deduplicated\task121_DeduplicateInitializers.onnx,366,366,0,3339,3339,0,17,17,0,0
task122,outputs\reference_6275_flat\task122.onnx,outputs\candidates\ref6275_deduplicated\task122_DeduplicateInitializers.onnx,12550,12550,0,10236,10236,0,2,2,0,0
task123,outputs\reference_6275_flat\task123.onnx,outputs\candidates\ref6275_deduplicated\task123_DeduplicateInitializers.onnx,8472,8472,0,9379,9379,0,12,12,0,0
task124,outputs\reference_6275_flat\task124.onnx,outputs\candidates\ref6275_deduplicated\task124_DeduplicateInitializers.onnx,3087,3087,0,2840,2840,0,16,16,0,0
task125,outputs\reference_6275_flat\task125.onnx,outputs\candidates\ref6275_deduplicated\task125_DeduplicateInitializers.onnx,639,639,0,3012,3012,0,9,9,0,0
task126,outputs\reference_6275_flat\task126.onnx,outputs\candidates\ref6275_deduplicated\task126_DeduplicateInitializers.onnx,347,347,0,3088,3088,0,11,11,0,0
task127,outputs\reference_6275_flat\task127.onnx,outputs\candidates\ref6275_deduplicated\task127_DeduplicateInitializers.onnx,4500,4500,0,3772,3772,0,1,1,0,0
task128,outputs\reference_6275_flat\task128.onnx,outputs\candidates\ref6275_deduplicated\task128_DeduplicateInitializers.onnx,744,744,0,2394,2394,0,13,13,0,0
task129,outputs\reference_6275_flat\task129.onnx,outputs\candidates\ref6275_deduplicated\task129_DeduplicateInitializers.onnx,255,255,0,785,785,0,6,6,0,0
task130,outputs\reference_6275_flat\task130.onnx,outputs\candidates\ref6275_deduplicated\task130_DeduplicateInitializers.onnx,358,358,0,1164,1164,0,4,4,0,0
task131,outputs\reference_6275_flat\task131.onnx,outputs\candidates\ref6275_deduplicated\task131_DeduplicateInitializers.onnx,3135,3135,0,7860,7860,0,17,17,0,0
task132,outputs\reference_6275_flat\task132.onnx,outputs\candidates\ref6275_deduplicated\task132_DeduplicateInitializers.onnx,366,366,0,2585,2585,0,16,16,0,0
task133,outputs\reference_6275_flat\task133.onnx,outputs\candidates\ref6275_deduplicated\task133_DeduplicateInitializers.onnx,1869,1869,0,14130,14130,0,54,54,0,0
task134,outputs\reference_6275_flat\task134.onnx,outputs\candidates\ref6275_deduplicated\task134_DeduplicateInitializers.onnx,486,486,0,4599,4599,0,26,26,0,0
task135,outputs\reference_6275_flat\task135.onnx,outputs\candidates\ref6275_deduplicated\task135_DeduplicateInitializers.onnx,0,0,0,251,251,0,0,0,0,0
task136,outputs\reference_6275_flat\task136.onnx,outputs\candidates\ref6275_deduplicated\task136_DeduplicateInitializers.onnx,576,576,0,2827,2827,0,9,9,0,0
task137,outputs\reference_6275_flat\task137.onnx,outputs\candidates\ref6275_deduplicated\task137_DeduplicateInitializers.onnx,248,248,0,2835,2835,0,9,9,0,0
task138,outputs\reference_6275_flat\task138.onnx,outputs\candidates\ref6275_deduplicated\task138_DeduplicateInitializers.onnx,461,461,0,8806,8806,0,17,17,0,0
task139,outputs\reference_6275_flat\task139.onnx,outputs\candidates\ref6275_deduplicated\task139_DeduplicateInitializers.onnx,988,988,0,3865,3865,0,22,22,0,0
task140,outputs\reference_6275_flat\task140.onnx,outputs\candidates\ref6275_deduplicated\task140_DeduplicateInitializers.onnx,72,72,0,394,394,0,4,4,0,0
task141,outputs\reference_6275_flat\task141.onnx,outputs\candidates\ref6275_deduplicated\task141_DeduplicateInitializers.onnx,409,409,0,2345,2345,0,10,10,0,0
task142,outputs\reference_6275_flat\task142.onnx,outputs\candidates\ref6275_deduplicated\task142_DeduplicateInitializers.onnx,9000,9000,0,7454,7454,0,1,1,0,0
task143,outputs\reference_6275_flat\task143.onnx,outputs\candidates\ref6275_deduplicated\task143_DeduplicateInitializers.onnx,441,441,0,2144,2144,0,15,15,0,0
task144,outputs\reference_6275_flat\task144.onnx,outputs\candidates\ref6275_deduplicated\task144_DeduplicateInitializers.onnx,306,306,0,1321,1321,0,9,9,0,0
task145,outputs\reference_6275_flat\task145.onnx,outputs\candidates\ref6275_deduplicated\task145_DeduplicateInitializers.onnx,2979,2979,0,19982,19982,0,34,34,0,0
task146,outputs\reference_6275_flat\task146.onnx,outputs\candidates\ref6275_deduplicated\task146_DeduplicateInitializers.onnx,203,203,0,1894,1894,0,10,10,0,0
task147,outputs\reference_6275_flat\task147.onnx,outputs\candidates\ref6275_deduplicated\task147_DeduplicateInitializers.onnx,4550,4550,0,3825,3825,0,2,2,0,0
task148,outputs\reference_6275_flat\task148.onnx,outputs\candidates\ref6275_deduplicated\task148_DeduplicateInitializers.onnx,1221,1221,0,6750,6750,0,16,16,0,0
task149,outputs\reference_6275_flat\task149.onnx,outputs\candidates\ref6275_deduplicated\task149_DeduplicateInitializers.onnx,455,455,0,859,859,0,2,2,0,0
task150,outputs\reference_6275_flat\task150.onnx,outputs\candidates\ref6275_deduplicated\task150_DeduplicateInitializers.onnx,196,196,0,618,618,0,6,6,0,0
task151,outputs\reference_6275_flat\task151.onnx,outputs\candidates\ref6275_deduplicated\task151_DeduplicateInitializers.onnx,4550,4550,0,3880,3880,0,2,2,0,0
task152,outputs\reference_6275_flat\task152.onnx,outputs\candidates\ref6275_deduplicated\task152_DeduplicateInitializers.onnx,9000,9000,0,7454,7454,0,1,1,0,0
task153,outputs\reference_6275_flat\task153.onnx,outputs\candidates\ref6275_deduplicated\task153_DeduplicateInitializers.onnx,1149,1149,0,11725,11725,0,45,45,0,0
task154,outputs\reference_6275_flat\task154.onnx,outputs\candidates\ref6275_deduplicated\task154_DeduplicateInitializers.onnx,3318,3318,0,6366,6366,0,14,14,0,0
task155,outputs\reference_6275_flat\task155.onnx,outputs\candidates\ref6275_deduplicated\task155_DeduplicateInitializers.onnx,196,196,0,618,618,0,6,6,0,0
task156,outputs\reference_6275_flat\task156.onnx,outputs\candidates\ref6275_deduplicated\task156_DeduplicateInitializers.onnx,5888,5888,0,48746,48746,0,73,73,0,0
task157,outputs\reference_6275_flat\task157.onnx,outputs\candidates\ref6275_deduplicated\task157_DeduplicateInitializers.onnx,1887,1887,0,151146,151146,0,67,67,0,0
task158,outputs\reference_6275_flat\task158.onnx,outputs\candidates\ref6275_deduplicated\task158_DeduplicateInitializers.onnx,2147,2147,0,33661,33661,0,56,56,0,0
task159,outputs\reference_6275_flat\task159.onnx,outputs\candidates\ref6275_deduplicated\task159_DeduplicateInitializers.onnx,12549,12549,0,12822,12822,0,16,16,0,0
task160,outputs\reference_6275_flat\task160.onnx,outputs\candidates\ref6275_deduplicated\task160_DeduplicateInitializers.onnx,363,363,0,2171,2171,0,10,10,0,0
task161,outputs\reference_6275_flat\task161.onnx,outputs\candidates\ref6275_deduplicated\task161_DeduplicateInitializers.onnx,240,240,0,4323,4323,0,9,9,0,0
task162,outputs\reference_6275_flat\task162.onnx,outputs\candidates\ref6275_deduplicated\task162_DeduplicateInitializers.onnx,183,183,0,2268,2268,0,11,11,0,0
task163,outputs\reference_6275_flat\task163.onnx,outputs\candidates\ref6275_deduplicated\task163_DeduplicateInitializers.onnx,6681,6681,0,11364,11364,0,21,21,0,0
task164,outputs\reference_6275_flat\task164.onnx,outputs\candidates\ref6275_deduplicated\task164_DeduplicateInitializers.onnx,270,270,0,479,479,0,1,1,0,0
task165,outputs\reference_6275_flat\task165.onnx,outputs\candidates\ref6275_deduplicated\task165_DeduplicateInitializers.onnx,3162,3162,0,5614,5614,0,15,15,0,0
task166,outputs\reference_6275_flat\task166.onnx,outputs\candidates\ref6275_deduplicated\task166_DeduplicateInitializers.onnx,267,267,0,1318,1318,0,8,8,0,0
task167,outputs\reference_6275_flat\task167.onnx,outputs\candidates\ref6275_deduplicated\task167_DeduplicateInitializers.onnx,1020,1020,0,1673,1673,0,9,9,0,0
task168,outputs\reference_6275_flat\task168.onnx,outputs\candidates\ref6275_deduplicated\task168_DeduplicateInitializers.onnx,675,675,0,4620,4620,0,10,10,0,0
task169,outputs\reference_6275_flat\task169.onnx,outputs\candidates\ref6275_deduplicated\task169_DeduplicateInitializers.onnx,2133,2133,0,20785,20785,0,62,62,0,0
task170,outputs\reference_6275_flat\task170.onnx,outputs\candidates\ref6275_deduplicated\task170_DeduplicateInitializers.onnx,1425,1425,0,50577,50577,0,33,33,0,0
task171,outputs\reference_6275_flat\task171.onnx,outputs\candidates\ref6275_deduplicated\task171_DeduplicateInitializers.onnx,4550,4550,0,3825,3825,0,2,2,0,0
task172,outputs\reference_6275_flat\task172.onnx,outputs\candidates\ref6275_deduplicated\task172_DeduplicateInitializers.onnx,270,270,0,479,479,0,1,1,0,0
task173,outputs\reference_6275_flat\task173.onnx,outputs\candidates\ref6275_deduplicated\task173_DeduplicateInitializers.onnx,753,753,0,10061,10061,0,24,24,0,0
task174,outputs\reference_6275_flat\task174.onnx,outputs\candidates\ref6275_deduplicated\task174_DeduplicateInitializers.onnx,614,614,0,61839,61839,0,24,24,0,0
task175,outputs\reference_6275_flat\task175.onnx,outputs\candidates\ref6275_deduplicated\task175_DeduplicateInitializers.onnx,13677,13677,0,12317,12317,0,13,13,0,0
task176,outputs\reference_6275_flat\task176.onnx,outputs\candidates\ref6275_deduplicated\task176_DeduplicateInitializers.onnx,504,504,0,1126,1126,0,9,9,0,0
task177,outputs\reference_6275_flat\task177.onnx,outputs\candidates\ref6275_deduplicated\task177_DeduplicateInitializers.onnx,912,912,0,3189,3189,0,16,16,0,0
task178,outputs\reference_6275_flat\task178.onnx,outputs\candidates\ref6275_deduplicated\task178_DeduplicateInitializers.onnx,755,755,0,6317,6317,0,20,20,0,0
task179,outputs\reference_6275_flat\task179.onnx,outputs\candidates\ref6275_deduplicated\task179_DeduplicateInitializers.onnx,0,0,0,170,170,0,0,0,0,0
task180,outputs\reference_6275_flat\task180.onnx,outputs\candidates\ref6275_deduplicated\task180_DeduplicateInitializers.onnx,2838,2838,0,2525,2525,0,5,5,0,0
task181,outputs\reference_6275_flat\task181.onnx,outputs\candidates\ref6275_deduplicated\task181_DeduplicateInitializers.onnx,672,672,0,3083,3083,0,21,21,0,0
task182,outputs\reference_6275_flat\task182.onnx,outputs\candidates\ref6275_deduplicated\task182_DeduplicateInitializers.onnx,3574,3574,0,19158,19158,0,40,40,0,0
task183,outputs\reference_6275_flat\task183.onnx,outputs\candidates\ref6275_deduplicated\task183_DeduplicateInitializers.onnx,200,200,0,4662,4662,0,8,8,0,0
task184,outputs\reference_6275_flat\task184.onnx,outputs\candidates\ref6275_deduplicated\task184_DeduplicateInitializers.onnx,48350,48350,0,43202,43202,0,20,20,0,0
task185,outputs\reference_6275_flat\task185.onnx,outputs\candidates\ref6275_deduplicated\task185_DeduplicateInitializers.onnx,595,595,0,18881,18881,0,19,19,0,0
task186,outputs\reference_6275_flat\task186.onnx,outputs\candidates\ref6275_deduplicated\task186_DeduplicateInitializers.onnx,192,192,0,924,924,0,5,5,0,0
task187,outputs\reference_6275_flat\task187.onnx,outputs\candidates\ref6275_deduplicated\task187_DeduplicateInitializers.onnx,1894,1894,0,9705,9705,0,13,13,0,0
task188,outputs\reference_6275_flat\task188.onnx,outputs\candidates\ref6275_deduplicated\task188_DeduplicateInitializers.onnx,312,312,0,3259,3259,0,15,15,0,0
task189,outputs\reference_6275_flat\task189.onnx,outputs\candidates\ref6275_deduplicated\task189_DeduplicateInitializers.onnx,1449,1449,0,10578,10578,0,54,54,0,0
task190,outputs\reference_6275_flat\task190.onnx,outputs\candidates\ref6275_deduplicated\task190_DeduplicateInitializers.onnx,1538,1538,0,8781,8781,0,40,40,0,0
task191,outputs\reference_6275_flat\task191.onnx,outputs\candidates\ref6275_deduplicated\task191_DeduplicateInitializers.onnx,3831,3831,0,10881,10881,0,28,28,0,0
task192,outputs\reference_6275_flat\task192.onnx,outputs\candidates\ref6275_deduplicated\task192_DeduplicateInitializers.onnx,436,436,0,2089,2089,0,10,10,0,0
task193,outputs\reference_6275_flat\task193.onnx,outputs\candidates\ref6275_deduplicated\task193_DeduplicateInitializers.onnx,327,327,0,1925,1925,0,12,12,0,0
task194,outputs\reference_6275_flat\task194.onnx,outputs\candidates\ref6275_deduplicated\task194_DeduplicateInitializers.onnx,9000,9000,0,7454,7454,0,1,1,0,0
task195,outputs\reference_6275_flat\task195.onnx,outputs\candidates\ref6275_deduplicated\task195_DeduplicateInitializers.onnx,4073,4073,0,5381,5381,0,10,10,0,0
task196,outputs\reference_6275_flat\task196.onnx,outputs\candidates\ref6275_deduplicated\task196_DeduplicateInitializers.onnx,342,342,0,3491,3491,0,13,13,0,0
task197,outputs\reference_6275_flat\task197.onnx,outputs\candidates\ref6275_deduplicated\task197_DeduplicateInitializers.onnx,66,66,0,1223,1223,0,7,7,0,0
task198,outputs\reference_6275_flat\task198.onnx,outputs\candidates\ref6275_deduplicated\task198_DeduplicateInitializers.onnx,2799,2799,0,6979,6979,0,14,14,0,0
task199,outputs\reference_6275_flat\task199.onnx,outputs\candidates\ref6275_deduplicated\task199_DeduplicateInitializers.onnx,378,378,0,2948,2948,0,14,14,0,0
task200,outputs\reference_6275_flat\task200.onnx,outputs\candidates\ref6275_deduplicated\task200_DeduplicateInitializers.onnx,326,326,0,3848,3848,0,17,17,0,0
task201,outputs\reference_6275_flat\task201.onnx,outputs\candidates\ref6275_deduplicated\task201_DeduplicateInitializers.onnx,1374,1374,0,9668,9668,0,20,20,0,0
task202,outputs\reference_6275_flat\task202.onnx,outputs\candidates\ref6275_deduplicated\task202_DeduplicateInitializers.onnx,50,50,0,3582,3582,0,5,5,0,0
task203,outputs\reference_6275_flat\task203.onnx,outputs\candidates\ref6275_deduplicated\task203_DeduplicateInitializers.onnx,484,484,0,2814,2814,0,15,15,0,0
task204,outputs\reference_6275_flat\task204.onnx,outputs\candidates\ref6275_deduplicated\task204_DeduplicateInitializers.onnx,3563,3563,0,7250,7250,0,21,21,0,0
task205,outputs\reference_6275_flat\task205.onnx,outputs\candidates\ref6275_deduplicated\task205_DeduplicateInitializers.onnx,5466,5466,0,33601,33601,0,76,76,0,0
task206,outputs\reference_6275_flat\task206.onnx,outputs\candidates\ref6275_deduplicated\task206_DeduplicateInitializers.onnx,362,362,0,4022,4022,0,15,15,0,0
task207,outputs\reference_6275_flat\task207.onnx,outputs\candidates\ref6275_deduplicated\task207_DeduplicateInitializers.onnx,303,303,0,1979,1979,0,15,15,0,0
task208,outputs\reference_6275_flat\task208.onnx,outputs\candidates\ref6275_deduplicated\task208_DeduplicateInitializers.onnx,1806,1806,0,15747,15747,0,39,39,0,0
task209,outputs\reference_6275_flat\task209.onnx,outputs\candidates\ref6275_deduplicated\task209_DeduplicateInitializers.onnx,875,875,0,12354,12354,0,26,26,0,0
task210,outputs\reference_6275_flat\task210.onnx,outputs\candidates\ref6275_deduplicated\task210_DeduplicateInitializers.onnx,270,270,0,479,479,0,1,1,0,0
task211,outputs\reference_6275_flat\task211.onnx,outputs\candidates\ref6275_deduplicated\task211_DeduplicateInitializers.onnx,9000,9000,0,7454,7454,0,1,1,0,0
task212,outputs\reference_6275_flat\task212.onnx,outputs\candidates\ref6275_deduplicated\task212_DeduplicateInitializers.onnx,618,618,0,5951,5951,0,16,16,0,0
task213,outputs\reference_6275_flat\task213.onnx,outputs\candidates\ref6275_deduplicated\task213_DeduplicateInitializers.onnx,960,960,0,26793,26793,0,25,25,0,0
task214,outputs\reference_6275_flat\task214.onnx,outputs\candidates\ref6275_deduplicated\task214_DeduplicateInitializers.onnx,9000,9000,0,7454,7454,0,1,1,0,0
task215,outputs\reference_6275_flat\task215.onnx,outputs\candidates\ref6275_deduplicated\task215_DeduplicateInitializers.onnx,356,356,0,1729,1729,0,7,7,0,0
task216,outputs\reference_6275_flat\task216.onnx,outputs\candidates\ref6275_deduplicated\task216_DeduplicateInitializers.onnx,888,888,0,11027,11027,0,10,10,0,0
task217,outputs\reference_6275_flat\task217.onnx,outputs\candidates\ref6275_deduplicated\task217_DeduplicateInitializers.onnx,203,203,0,1350,1350,0,5,5,0,0
task218,outputs\reference_6275_flat\task218.onnx,outputs\candidates\ref6275_deduplicated\task218_DeduplicateInitializers.onnx,328,328,0,9594,9594,0,21,21,0,0
task219,outputs\reference_6275_flat\task219.onnx,outputs\candidates\ref6275_deduplicated\task219_DeduplicateInitializers.onnx,745,745,0,28326,28326,0,34,34,0,0
task220,outputs\reference_6275_flat\task220.onnx,outputs\candidates\ref6275_deduplicated\task220_DeduplicateInitializers.onnx,4500,4500,0,3798,3798,0,1,1,0,0
task221,outputs\reference_6275_flat\task221.onnx,outputs\candidates\ref6275_deduplicated\task221_DeduplicateInitializers.onnx,15246,15246,0,13333,13333,0,26,26,0,0
task222,outputs\reference_6275_flat\task222.onnx,outputs\candidates\ref6275_deduplicated\task222_DeduplicateInitializers.onnx,405,405,0,2578,2578,0,11,11,0,0
task223,outputs\reference_6275_flat\task223.onnx,outputs\candidates\ref6275_deduplicated\task223_DeduplicateInitializers.onnx,9000,9000,0,7454,7454,0,1,1,0,0
task224,outputs\reference_6275_flat\task224.onnx,outputs\candidates\ref6275_deduplicated\task224_DeduplicateInitializers.onnx,690,690,0,4703,4703,0,17,17,0,0
task225,outputs\reference_6275_flat\task225.onnx,outputs\candidates\ref6275_deduplicated\task225_DeduplicateInitializers.onnx,2387,2387,0,5688,5688,0,24,24,0,0
task226,outputs\reference_6275_flat\task226.onnx,outputs\candidates\ref6275_deduplicated\task226_DeduplicateInitializers.onnx,621,621,0,4625,4625,0,15,15,0,0
task227,outputs\reference_6275_flat\task227.onnx,outputs\candidates\ref6275_deduplicated\task227_DeduplicateInitializers.onnx,297,297,0,1135,1135,0,10,10,0,0
task228,outputs\reference_6275_flat\task228.onnx,outputs\candidates\ref6275_deduplicated\task228_DeduplicateInitializers.onnx,492,492,0,2649,2649,0,15,15,0,0
task229,outputs\reference_6275_flat\task229.onnx,outputs\candidates\ref6275_deduplicated\task229_DeduplicateInitializers.onnx,333,333,0,1379,1379,0,12,12,0,0
task230,outputs\reference_6275_flat\task230.onnx,outputs\candidates\ref6275_deduplicated\task230_DeduplicateInitializers.onnx,4500,4500,0,3798,3798,0,1,1,0,0
task231,outputs\reference_6275_flat\task231.onnx,outputs\candidates\ref6275_deduplicated\task231_DeduplicateInitializers.onnx,837,837,0,2684,2684,0,12,12,0,0
task232,outputs\reference_6275_flat\task232.onnx,outputs\candidates\ref6275_deduplicated\task232_DeduplicateInitializers.onnx,273,273,0,1616,1616,0,14,14,0,0
task233,outputs\reference_6275_flat\task233.onnx,outputs\candidates\ref6275_deduplicated\task233_DeduplicateInitializers.onnx,6131,6131,0,193251,193251,0,88,88,0,0
task234,outputs\reference_6275_flat\task234.onnx,outputs\candidates\ref6275_deduplicated\task234_DeduplicateInitializers.onnx,348,348,0,4106,4106,0,14,14,0,0
task235,outputs\reference_6275_flat\task235.onnx,outputs\candidates\ref6275_deduplicated\task235_DeduplicateInitializers.onnx,612,612,0,3090,3090,0,19,19,0,0
task236,outputs\reference_6275_flat\task236.onnx,outputs\candidates\ref6275_deduplicated\task236_DeduplicateInitializers.onnx,0,0,0,643,643,0,0,0,0,0
task237,outputs\reference_6275_flat\task237.onnx,outputs\candidates\ref6275_deduplicated\task237_DeduplicateInitializers.onnx,291,291,0,1637,1637,0,11,11,0,0
task238,outputs\reference_6275_flat\task238.onnx,outputs\candidates\ref6275_deduplicated\task238_DeduplicateInitializers.onnx,4467,4467,0,12003,12003,0,38,38,0,0
task239,outputs\reference_6275_flat\task239.onnx,outputs\candidates\ref6275_deduplicated\task239_DeduplicateInitializers.onnx,1284,1284,0,3146,3146,0,19,19,0,0
task240,outputs\reference_6275_flat\task240.onnx,outputs\candidates\ref6275_deduplicated\task240_DeduplicateInitializers.onnx,78767,78767,0,66169,66169,0,11,11,0,0
task241,outputs\reference_6275_flat\task241.onnx,outputs\candidates\ref6275_deduplicated\task241_DeduplicateInitializers.onnx,0,0,0,170,170,0,0,0,0,0
task242,outputs\reference_6275_flat\task242.onnx,outputs\candidates\ref6275_deduplicated\task242_DeduplicateInitializers.onnx,398,398,0,1736,1736,0,7,7,0,0
task243,outputs\reference_6275_flat\task243.onnx,outputs\candidates\ref6275_deduplicated\task243_DeduplicateInitializers.onnx,906,906,0,16567,16567,0,26,26,0,0
task244,outputs\reference_6275_flat\task244.onnx,outputs\candidates\ref6275_deduplicated\task244_DeduplicateInitializers.onnx,761,761,0,6538,6538,0,31,31,0,0
task245,outputs\reference_6275_flat\task245.onnx,outputs\candidates\ref6275_deduplicated\task245_DeduplicateInitializers.onnx,342,342,0,2751,2751,0,15,15,0,0
task246,outputs\reference_6275_flat\task246.onnx,outputs\candidates\ref6275_deduplicated\task246_DeduplicateInitializers.onnx,1079,1079,0,3824,3824,0,11,11,0,0
task247,outputs\reference_6275_flat\task247.onnx,outputs\candidates\ref6275_deduplicated\task247_DeduplicateInitializers.onnx,178,178,0,2060,2060,0,7,7,0,0
task248,outputs\reference_6275_flat\task248.onnx,outputs\candidates\ref6275_deduplicated\task248_DeduplicateInitializers.onnx,9100,9100,0,8306,8306,0,6,6,0,0
task249,outputs\reference_6275_flat\task249.onnx,outputs\candidates\ref6275_deduplicated\task249_DeduplicateInitializers.onnx,1092,1092,0,2482,2482,0,13,13,0,0
task250,outputs\reference_6275_flat\task250.onnx,outputs\candidates\ref6275_deduplicated\task250_DeduplicateInitializers.onnx,371,371,0,12918,12918,0,18,18,0,0
task251,outputs\reference_6275_flat\task251.onnx,outputs\candidates\ref6275_deduplicated\task251_DeduplicateInitializers.onnx,174,174,0,5106,5106,0,13,13,0,0
task252,outputs\reference_6275_flat\task252.onnx,outputs\candidates\ref6275_deduplicated\task252_DeduplicateInitializers.onnx,996,996,0,3201,3201,0,19,19,0,0
task253,outputs\reference_6275_flat\task253.onnx,outputs\candidates\ref6275_deduplicated\task253_DeduplicateInitializers.onnx,2407,2407,0,3510,3510,0,13,13,0,0
task254,outputs\reference_6275_flat\task254.onnx,outputs\candidates\ref6275_deduplicated\task254_DeduplicateInitializers.onnx,918,918,0,4960,4960,0,27,27,0,0
task255,outputs\reference_6275_flat\task255.onnx,outputs\candidates\ref6275_deduplicated\task255_DeduplicateInitializers.onnx,372359,372359,0,251348,251348,0,29,29,0,0
task256,outputs\reference_6275_flat\task256.onnx,outputs\candidates\ref6275_deduplicated\task256_DeduplicateInitializers.onnx,339,339,0,4194,4194,0,16,16,0,0
task257,outputs\reference_6275_flat\task257.onnx,outputs\candidates\ref6275_deduplicated\task257_DeduplicateInitializers.onnx,375,375,0,1369,1369,0,11,11,0,0
task258,outputs\reference_6275_flat\task258.onnx,outputs\candidates\ref6275_deduplicated\task258_DeduplicateInitializers.onnx,800,800,0,880,880,0,2,2,0,0
task259,outputs\reference_6275_flat\task259.onnx,outputs\candidates\ref6275_deduplicated\task259_DeduplicateInitializers.onnx,382,382,0,3882,3882,0,15,15,0,0
task260,outputs\reference_6275_flat\task260.onnx,outputs\candidates\ref6275_deduplicated\task260_DeduplicateInitializers.onnx,525,525,0,3230,3230,0,14,14,0,0
task261,outputs\reference_6275_flat\task261.onnx,outputs\candidates\ref6275_deduplicated\task261_DeduplicateInitializers.onnx,1000,1000,0,995,995,0,1,1,0,0
task262,outputs\reference_6275_flat\task262.onnx,outputs\candidates\ref6275_deduplicated\task262_DeduplicateInitializers.onnx,206,206,0,903,903,0,10,10,0,0
task263,outputs\reference_6275_flat\task263.onnx,outputs\candidates\ref6275_deduplicated\task263_DeduplicateInitializers.onnx,450,450,0,7373,7373,0,27,27,0,0
task264,outputs\reference_6275_flat\task264.onnx,outputs\candidates\ref6275_deduplicated\task264_DeduplicateInitializers.onnx,6570,6570,0,9312,9312,0,17,17,0,0
task265,outputs\reference_6275_flat\task265.onnx,outputs\candidates\ref6275_deduplicated\task265_DeduplicateInitializers.onnx,507,507,0,2076,2076,0,11,11,0,0
task266,outputs\reference_6275_flat\task266.onnx,outputs\candidates\ref6275_deduplicated\task266_DeduplicateInitializers.onnx,4550,4550,0,3825,3825,0,2,2,0,0
task267,outputs\reference_6275_flat\task267.onnx,outputs\candidates\ref6275_deduplicated\task267_DeduplicateInitializers.onnx,315,315,0,1202,1202,0,13,13,0,0
task268,outputs\reference_6275_flat\task268.onnx,outputs\candidates\ref6275_deduplicated\task268_DeduplicateInitializers.onnx,738,738,0,20817,20817,0,29,29,0,0
task269,outputs\reference_6275_flat\task269.onnx,outputs\candidates\ref6275_deduplicated\task269_DeduplicateInitializers.onnx,420,420,0,2336,2336,0,18,18,0,0
task270,outputs\reference_6275_flat\task270.onnx,outputs\candidates\ref6275_deduplicated\task270_DeduplicateInitializers.onnx,4357,4357,0,13846,13846,0,23,23,0,0
task271,outputs\reference_6275_flat\task271.onnx,outputs\candidates\ref6275_deduplicated\task271_DeduplicateInitializers.onnx,439,439,0,1993,1993,0,10,10,0,0
task272,outputs\reference_6275_flat\task272.onnx,outputs\candidates\ref6275_deduplicated\task272_DeduplicateInitializers.onnx,2300,2300,0,2039,2039,0,2,2,0,0
task273,outputs\reference_6275_flat\task273.onnx,outputs\candidates\ref6275_deduplicated\task273_DeduplicateInitializers.onnx,270,270,0,1670,1670,0,13,13,0,0
task274,outputs\reference_6275_flat\task274.onnx,outputs\candidates\ref6275_deduplicated\task274_DeduplicateInitializers.onnx,2057,2057,0,3619,3619,0,11,11,0,0
task275,outputs\reference_6275_flat\task275.onnx,outputs\candidates\ref6275_deduplicated\task275_DeduplicateInitializers.onnx,8733,8733,0,16304,16304,0,26,26,0,0
task276,outputs\reference_6275_flat\task276.onnx,outputs\candidates\ref6275_deduplicated\task276_DeduplicateInitializers.onnx,90,90,0,217,217,0,1,1,0,0
task277,outputs\reference_6275_flat\task277.onnx,outputs\candidates\ref6275_deduplicated\task277_DeduplicateInitializers.onnx,913,913,0,6687,6687,0,17,17,0,0
task278,outputs\reference_6275_flat\task278.onnx,outputs\candidates\ref6275_deduplicated\task278_DeduplicateInitializers.onnx,1248,1248,0,2799,2799,0,12,12,0,0
task279,outputs\reference_6275_flat\task279.onnx,outputs\candidates\ref6275_deduplicated\task279_DeduplicateInitializers.onnx,5271,5271,0,10314,10314,0,10,10,0,0
task280,outputs\reference_6275_flat\task280.onnx,outputs\candidates\ref6275_deduplicated\task280_DeduplicateInitializers.onnx,2862,2862,0,15536,15536,0,16,16,0,0
task281,outputs\reference_6275_flat\task281.onnx,outputs\candidates\ref6275_deduplicated\task281_DeduplicateInitializers.onnx,2499,2499,0,5479,5479,0,15,15,0,0
task282,outputs\reference_6275_flat\task282.onnx,outputs\candidates\ref6275_deduplicated\task282_DeduplicateInitializers.onnx,4500,4500,0,3798,3798,0,1,1,0,0
task283,outputs\reference_6275_flat\task283.onnx,outputs\candidates\ref6275_deduplicated\task283_DeduplicateInitializers.onnx,4550,4550,0,3825,3825,0,2,2,0,0
task284,outputs\reference_6275_flat\task284.onnx,outputs\candidates\ref6275_deduplicated\task284_DeduplicateInitializers.onnx,1559,1559,0,9092,9092,0,19,19,0,0
task285,outputs\reference_6275_flat\task285.onnx,outputs\candidates\ref6275_deduplicated\task285_DeduplicateInitializers.onnx,5662,5662,0,21633,21633,0,50,50,0,0
task286,outputs\reference_6275_flat\task286.onnx,outputs\candidates\ref6275_deduplicated\task286_DeduplicateInitializers.onnx,4145,4145,0,13742,13742,0,20,20,0,0
task287,outputs\reference_6275_flat\task287.onnx,outputs\candidates\ref6275_deduplicated\task287_DeduplicateInitializers.onnx,247,247,0,1686,1686,0,13,13,0,0
task288,outputs\reference_6275_flat\task288.onnx,outputs\candidates\ref6275_deduplicated\task288_DeduplicateInitializers.onnx,345,345,0,5948,5948,0,15,15,0,0
task289,outputs\reference_6275_flat\task289.onnx,outputs\candidates\ref6275_deduplicated\task289_DeduplicateInitializers.onnx,420,420,0,2021,2021,0,17,17,0,0
task290,outputs\reference_6275_flat\task290.onnx,outputs\candidates\ref6275_deduplicated\task290_DeduplicateInitializers.onnx,391,391,0,3323,3323,0,14,14,0,0
task291,outputs\reference_6275_flat\task291.onnx,outputs\candidates\ref6275_deduplicated\task291_DeduplicateInitializers.onnx,4731,4731,0,6009,6009,0,9,9,0,0
task292,outputs\reference_6275_flat\task292.onnx,outputs\candidates\ref6275_deduplicated\task292_DeduplicateInitializers.onnx,339,339,0,1065,1065,0,9,9,0,0
task293,outputs\reference_6275_flat\task293.onnx,outputs\candidates\ref6275_deduplicated\task293_DeduplicateInitializers.onnx,597,597,0,4426,4426,0,20,20,0,0
task294,outputs\reference_6275_flat\task294.onnx,outputs\candidates\ref6275_deduplicated\task294_DeduplicateInitializers.onnx,4550,4550,0,3825,3825,0,2,2,0,0
task295,outputs\reference_6275_flat\task295.onnx,outputs\candidates\ref6275_deduplicated\task295_DeduplicateInitializers.onnx,291,291,0,1889,1889,0,11,11,0,0
task296,outputs\reference_6275_flat\task296.onnx,outputs\candidates\ref6275_deduplicated\task296_DeduplicateInitializers.onnx,1837,1837,0,2803,2803,0,11,11,0,0
task297,outputs\reference_6275_flat\task297.onnx,outputs\candidates\ref6275_deduplicated\task297_DeduplicateInitializers.onnx,369,369,0,3233,3233,0,17,17,0,0
task298,outputs\reference_6275_flat\task298.onnx,outputs\candidates\ref6275_deduplicated\task298_DeduplicateInitializers.onnx,1776,1776,0,3322,3322,0,19,19,0,0
task299,outputs\reference_6275_flat\task299.onnx,outputs\candidates\ref6275_deduplicated\task299_DeduplicateInitializers.onnx,342,342,0,2080,2080,0,8,8,0,0
task300,outputs\reference_6275_flat\task300.onnx,outputs\candidates\ref6275_deduplicated\task300_DeduplicateInitializers.onnx,852,852,0,4454,4454,0,14,14,0,0
task301,outputs\reference_6275_flat\task301.onnx,outputs\candidates\ref6275_deduplicated\task301_DeduplicateInitializers.onnx,906,906,0,3697,3697,0,11,11,0,0
task302,outputs\reference_6275_flat\task302.onnx,outputs\candidates\ref6275_deduplicated\task302_DeduplicateInitializers.onnx,180,180,0,4372,4372,0,4,4,0,0
task303,outputs\reference_6275_flat\task303.onnx,outputs\candidates\ref6275_deduplicated\task303_DeduplicateInitializers.onnx,1550,1550,0,2084,2084,0,4,4,0,0
task304,outputs\reference_6275_flat\task304.onnx,outputs\candidates\ref6275_deduplicated\task304_DeduplicateInitializers.onnx,271,271,0,1879,1879,0,8,8,0,0
task305,outputs\reference_6275_flat\task305.onnx,outputs\candidates\ref6275_deduplicated\task305_DeduplicateInitializers.onnx,1452,1452,0,1865,1865,0,4,4,0,0
task306,outputs\reference_6275_flat\task306.onnx,outputs\candidates\ref6275_deduplicated\task306_DeduplicateInitializers.onnx,605,605,0,4101,4101,0,31,31,0,0
task307,outputs\reference_6275_flat\task307.onnx,outputs\candidates\ref6275_deduplicated\task307_DeduplicateInitializers.onnx,9000,9000,0,7454,7454,0,1,1,0,0
task308,outputs\reference_6275_flat\task308.onnx,outputs\candidates\ref6275_deduplicated\task308_DeduplicateInitializers.onnx,593,593,0,3875,3875,0,14,14,0,0
task309,outputs\reference_6275_flat\task309.onnx,outputs\candidates\ref6275_deduplicated\task309_DeduplicateInitializers.onnx,90,90,0,217,217,0,1,1,0,0
task310,outputs\reference_6275_flat\task310.onnx,outputs\candidates\ref6275_deduplicated\task310_DeduplicateInitializers.onnx,955,955,0,3379,3379,0,17,17,0,0
task311,outputs\reference_6275_flat\task311.onnx,outputs\candidates\ref6275_deduplicated\task311_DeduplicateInitializers.onnx,270,270,0,479,479,0,1,1,0,0
task312,outputs\reference_6275_flat\task312.onnx,outputs\candidates\ref6275_deduplicated\task312_DeduplicateInitializers.onnx,171,171,0,1202,1202,0,9,9,0,0
task313,outputs\reference_6275_flat\task313.onnx,outputs\candidates\ref6275_deduplicated\task313_DeduplicateInitializers.onnx,1437,1437,0,3668,3668,0,11,11,0,0
task314,outputs\reference_6275_flat\task314.onnx,outputs\candidates\ref6275_deduplicated\task314_DeduplicateInitializers.onnx,1536,1536,0,24532,24532,0,83,83,0,0
task315,outputs\reference_6275_flat\task315.onnx,outputs\candidates\ref6275_deduplicated\task315_DeduplicateInitializers.onnx,307,307,0,1461,1461,0,9,9,0,0
task316,outputs\reference_6275_flat\task316.onnx,outputs\candidates\ref6275_deduplicated\task316_DeduplicateInitializers.onnx,866,866,0,5631,5631,0,18,18,0,0
task317,outputs\reference_6275_flat\task317.onnx,outputs\candidates\ref6275_deduplicated\task317_DeduplicateInitializers.onnx,4500,4500,0,3798,3798,0,1,1,0,0
task318,outputs\reference_6275_flat\task318.onnx,outputs\candidates\ref6275_deduplicated\task318_DeduplicateInitializers.onnx,0,0,0,728,728,0,0,0,0,0
task319,outputs\reference_6275_flat\task319.onnx,outputs\candidates\ref6275_deduplicated\task319_DeduplicateInitializers.onnx,741,741,0,8028,8028,0,24,24,0,0
task320,outputs\reference_6275_flat\task320.onnx,outputs\candidates\ref6275_deduplicated\task320_DeduplicateInitializers.onnx,565,565,0,2183,2183,0,11,11,0,0
task321,outputs\reference_6275_flat\task321.onnx,outputs\candidates\ref6275_deduplicated\task321_DeduplicateInitializers.onnx,189,189,0,2349,2349,0,10,10,0,0
task322,outputs\reference_6275_flat\task322.onnx,outputs\candidates\ref6275_deduplicated\task322_DeduplicateInitializers.onnx,0,0,0,539,539,0,0,0,0,0
task323,outputs\reference_6275_flat\task323.onnx,outputs\candidates\ref6275_deduplicated\task323_DeduplicateInitializers.onnx,2055,2055,0,2479,2479,0,5,5,0,0
task324,outputs\reference_6275_flat\task324.onnx,outputs\candidates\ref6275_deduplicated\task324_DeduplicateInitializers.onnx,5310,5310,0,6861,6861,0,18,18,0,0
task325,outputs\reference_6275_flat\task325.onnx,outputs\candidates\ref6275_deduplicated\task325_DeduplicateInitializers.onnx,3996,3996,0,5072,5072,0,22,22,0,0
task326,outputs\reference_6275_flat\task326.onnx,outputs\candidates\ref6275_deduplicated\task326_DeduplicateInitializers.onnx,0,0,0,251,251,0,0,0,0,0
task327,outputs\reference_6275_flat\task327.onnx,outputs\candidates\ref6275_deduplicated\task327_DeduplicateInitializers.onnx,126,126,0,2321,2321,0,8,8,0,0
task328,outputs\reference_6275_flat\task328.onnx,outputs\candidates\ref6275_deduplicated\task328_DeduplicateInitializers.onnx,2532,2532,0,10607,10607,0,20,20,0,0
task329,outputs\reference_6275_flat\task329.onnx,outputs\candidates\ref6275_deduplicated\task329_DeduplicateInitializers.onnx,282,282,0,1652,1652,0,10,10,0,0
task330,outputs\reference_6275_flat\task330.onnx,outputs\candidates\ref6275_deduplicated\task330_DeduplicateInitializers.onnx,5579,5579,0,7080,7080,0,13,13,0,0
task331,outputs\reference_6275_flat\task331.onnx,outputs\candidates\ref6275_deduplicated\task331_DeduplicateInitializers.onnx,4550,4550,0,3836,3836,0,2,2,0,0
task332,outputs\reference_6275_flat\task332.onnx,outputs\candidates\ref6275_deduplicated\task332_DeduplicateInitializers.onnx,527,527,0,2514,2514,0,17,17,0,0
task333,outputs\reference_6275_flat\task333.onnx,outputs\candidates\ref6275_deduplicated\task333_DeduplicateInitializers.onnx,393,393,0,4379,4379,0,19,19,0,0
task334,outputs\reference_6275_flat\task334.onnx,outputs\candidates\ref6275_deduplicated\task334_DeduplicateInitializers.onnx,165,165,0,889,889,0,5,5,0,0
task335,outputs\reference_6275_flat\task335.onnx,outputs\candidates\ref6275_deduplicated\task335_DeduplicateInitializers.onnx,477,477,0,3440,3440,0,11,11,0,0
task336,outputs\reference_6275_flat\task336.onnx,outputs\candidates\ref6275_deduplicated\task336_DeduplicateInitializers.onnx,505,505,0,5276,5276,0,12,12,0,0
task337,outputs\reference_6275_flat\task337.onnx,outputs\candidates\ref6275_deduplicated\task337_DeduplicateInitializers.onnx,90,90,0,159,159,0,1,1,0,0
task338,outputs\reference_6275_flat\task338.onnx,outputs\candidates\ref6275_deduplicated\task338_DeduplicateInitializers.onnx,6426,6426,0,8884,8884,0,9,9,0,0
task339,outputs\reference_6275_flat\task339.onnx,outputs\candidates\ref6275_deduplicated\task339_DeduplicateInitializers.onnx,468,468,0,1588,1588,0,11,11,0,0
task340,outputs\reference_6275_flat\task340.onnx,outputs\candidates\ref6275_deduplicated\task340_DeduplicateInitializers.onnx,696,696,0,4147,4147,0,25,25,0,0
task341,outputs\reference_6275_flat\task341.onnx,outputs\candidates\ref6275_deduplicated\task341_DeduplicateInitializers.onnx,2523,2523,0,8743,8743,0,52,52,0,0
task342,outputs\reference_6275_flat\task342.onnx,outputs\candidates\ref6275_deduplicated\task342_DeduplicateInitializers.onnx,284,284,0,2836,2836,0,16,16,0,0
task343,outputs\reference_6275_flat\task343.onnx,outputs\candidates\ref6275_deduplicated\task343_DeduplicateInitializers.onnx,2592,2592,0,10429,10429,0,15,15,0,0
task344,outputs\reference_6275_flat\task344.onnx,outputs\candidates\ref6275_deduplicated\task344_DeduplicateInitializers.onnx,12550,12550,0,10236,10236,0,2,2,0,0
task345,outputs\reference_6275_flat\task345.onnx,outputs\candidates\ref6275_deduplicated\task345_DeduplicateInitializers.onnx,5898,5898,0,10079,10079,0,23,23,0,0
task346,outputs\reference_6275_flat\task346.onnx,outputs\candidates\ref6275_deduplicated\task346_DeduplicateInitializers.onnx,191,191,0,1781,1781,0,9,9,0,0
task347,outputs\reference_6275_flat\task347.onnx,outputs\candidates\ref6275_deduplicated\task347_DeduplicateInitializers.onnx,0,0,0,1234,1234,0,0,0,0,0
task348,outputs\reference_6275_flat\task348.onnx,outputs\candidates\ref6275_deduplicated\task348_DeduplicateInitializers.onnx,463,463,0,1950,1950,0,12,12,0,0
task349,outputs\reference_6275_flat\task349.onnx,outputs\candidates\ref6275_deduplicated\task349_DeduplicateInitializers.onnx,9921,9921,0,8427,8427,0,10,10,0,0
task350,outputs\reference_6275_flat\task350.onnx,outputs\candidates\ref6275_deduplicated\task350_DeduplicateInitializers.onnx,230,230,0,1984,1984,0,6,6,0,0
task351,outputs\reference_6275_flat\task351.onnx,outputs\candidates\ref6275_deduplicated\task351_DeduplicateInitializers.onnx,354,354,0,3049,3049,0,7,7,0,0
task352,outputs\reference_6275_flat\task352.onnx,outputs\candidates\ref6275_deduplicated\task352_DeduplicateInitializers.onnx,234,234,0,1398,1398,0,7,7,0,0
task353,outputs\reference_6275_flat\task353.onnx,outputs\candidates\ref6275_deduplicated\task353_DeduplicateInitializers.onnx,745,745,0,3244,3244,0,13,13,0,0
task354,outputs\reference_6275_flat\task354.onnx,outputs\candidates\ref6275_deduplicated\task354_DeduplicateInitializers.onnx,612,612,0,2710,2710,0,15,15,0,0
task355,outputs\reference_6275_flat\task355.onnx,outputs\candidates\ref6275_deduplicated\task355_DeduplicateInitializers.onnx,437,437,0,3971,3971,0,12,12,0,0
task356,outputs\reference_6275_flat\task356.onnx,outputs\candidates\ref6275_deduplicated\task356_DeduplicateInitializers.onnx,389,389,0,2324,2324,0,9,9,0,0
task357,outputs\reference_6275_flat\task357.onnx,outputs\candidates\ref6275_deduplicated\task357_DeduplicateInitializers.onnx,257,257,0,1767,1767,0,12,12,0,0
task358,outputs\reference_6275_flat\task358.onnx,outputs\candidates\ref6275_deduplicated\task358_DeduplicateInitializers.onnx,1203,1203,0,6541,6541,0,34,34,0,0
task359,outputs\reference_6275_flat\task359.onnx,outputs\candidates\ref6275_deduplicated\task359_DeduplicateInitializers.onnx,117,117,0,1184,1184,0,4,4,0,0
task360,outputs\reference_6275_flat\task360.onnx,outputs\candidates\ref6275_deduplicated\task360_DeduplicateInitializers.onnx,228,228,0,1168,1168,0,13,13,0,0
task361,outputs\reference_6275_flat\task361.onnx,outputs\candidates\ref6275_deduplicated\task361_DeduplicateInitializers.onnx,2332,2332,0,6846,6846,0,19,19,0,0
task362,outputs\reference_6275_flat\task362.onnx,outputs\candidates\ref6275_deduplicated\task362_DeduplicateInitializers.onnx,261,261,0,1696,1696,0,11,11,0,0
task363,outputs\reference_6275_flat\task363.onnx,outputs\candidates\ref6275_deduplicated\task363_DeduplicateInitializers.onnx,1014,1014,0,5425,5425,0,20,20,0,0
task364,outputs\reference_6275_flat\task364.onnx,outputs\candidates\ref6275_deduplicated\task364_DeduplicateInitializers.onnx,5120,5120,0,10636,10636,0,23,23,0,0
task365,outputs\reference_6275_flat\task365.onnx,outputs\candidates\ref6275_deduplicated\task365_DeduplicateInitializers.onnx,627,627,0,16991,16991,0,12,12,0,0
task366,outputs\reference_6275_flat\task366.onnx,outputs\candidates\ref6275_deduplicated\task366_DeduplicateInitializers.onnx,13979,13979,0,84301,84301,0,42,42,0,0
task367,outputs\reference_6275_flat\task367.onnx,outputs\candidates\ref6275_deduplicated\task367_DeduplicateInitializers.onnx,717,717,0,6278,6278,0,26,26,0,0
task368,outputs\reference_6275_flat\task368.onnx,outputs\candidates\ref6275_deduplicated\task368_DeduplicateInitializers.onnx,429,429,0,8950,8950,0,32,32,0,0
task369,outputs\reference_6275_flat\task369.onnx,outputs\candidates\ref6275_deduplicated\task369_DeduplicateInitializers.onnx,498,498,0,3315,3315,0,11,11,0,0
task370,outputs\reference_6275_flat\task370.onnx,outputs\candidates\ref6275_deduplicated\task370_DeduplicateInitializers.onnx,813,813,0,15444,15444,0,27,27,0,0
task371,outputs\reference_6275_flat\task371.onnx,outputs\candidates\ref6275_deduplicated\task371_DeduplicateInitializers.onnx,1333,1333,0,3031,3031,0,12,12,0,0
task372,outputs\reference_6275_flat\task372.onnx,outputs\candidates\ref6275_deduplicated\task372_DeduplicateInitializers.onnx,108,108,0,664,664,0,7,7,0,0
task373,outputs\reference_6275_flat\task373.onnx,outputs\candidates\ref6275_deduplicated\task373_DeduplicateInitializers.onnx,36,36,0,581,581,0,1,1,0,0
task374,outputs\reference_6275_flat\task374.onnx,outputs\candidates\ref6275_deduplicated\task374_DeduplicateInitializers.onnx,588,588,0,5300,5300,0,13,13,0,0
task375,outputs\reference_6275_flat\task375.onnx,outputs\candidates\ref6275_deduplicated\task375_DeduplicateInitializers.onnx,367,367,0,2214,2214,0,12,12,0,0
task376,outputs\reference_6275_flat\task376.onnx,outputs\candidates\ref6275_deduplicated\task376_DeduplicateInitializers.onnx,536,536,0,4045,4045,0,15,15,0,0
task377,outputs\reference_6275_flat\task377.onnx,outputs\candidates\ref6275_deduplicated\task377_DeduplicateInitializers.onnx,452,452,0,18685,18685,0,13,13,0,0
task378,outputs\reference_6275_flat\task378.onnx,outputs\candidates\ref6275_deduplicated\task378_DeduplicateInitializers.onnx,384,384,0,5481,5481,0,16,16,0,0
task379,outputs\reference_6275_flat\task379.onnx,outputs\candidates\ref6275_deduplicated\task379_DeduplicateInitializers.onnx,5364,5364,0,13402,13402,0,29,29,0,0
task380,outputs\reference_6275_flat\task380.onnx,outputs\candidates\ref6275_deduplicated\task380_DeduplicateInitializers.onnx,72,72,0,396,396,0,4,4,0,0
task381,outputs\reference_6275_flat\task381.onnx,outputs\candidates\ref6275_deduplicated\task381_DeduplicateInitializers.onnx,400,400,0,2035,2035,0,6,6,0,0
task382,outputs\reference_6275_flat\task382.onnx,outputs\candidates\ref6275_deduplicated\task382_DeduplicateInitializers.onnx,3006,3006,0,19127,19127,0,72,72,0,0
task383,outputs\reference_6275_flat\task383.onnx,outputs\candidates\ref6275_deduplicated\task383_DeduplicateInitializers.onnx,105,105,0,3193,3193,0,10,10,0,0
task384,outputs\reference_6275_flat\task384.onnx,outputs\candidates\ref6275_deduplicated\task384_DeduplicateInitializers.onnx,954,954,0,4308,4308,0,13,13,0,0
task385,outputs\reference_6275_flat\task385.onnx,outputs\candidates\ref6275_deduplicated\task385_DeduplicateInitializers.onnx,270,270,0,175,175,0,1,1,0,0
task386,outputs\reference_6275_flat\task386.onnx,outputs\candidates\ref6275_deduplicated\task386_DeduplicateInitializers.onnx,0,0,0,1334,1334,0,0,0,0,0
task387,outputs\reference_6275_flat\task387.onnx,outputs\candidates\ref6275_deduplicated\task387_DeduplicateInitializers.onnx,498,498,0,12388,12388,0,25,25,0,0
task388,outputs\reference_6275_flat\task388.onnx,outputs\candidates\ref6275_deduplicated\task388_DeduplicateInitializers.onnx,1512,1512,0,6536,6536,0,32,32,0,0
task389,outputs\reference_6275_flat\task389.onnx,outputs\candidates\ref6275_deduplicated\task389_DeduplicateInitializers.onnx,250,250,0,1421,1421,0,9,9,0,0
task390,outputs\reference_6275_flat\task390.onnx,outputs\candidates\ref6275_deduplicated\task390_DeduplicateInitializers.onnx,3123,3123,0,5953,5953,0,10,10,0,0
task391,outputs\reference_6275_flat\task391.onnx,outputs\candidates\ref6275_deduplicated\task391_DeduplicateInitializers.onnx,245,245,0,2841,2841,0,12,12,0,0
task392,outputs\reference_6275_flat\task392.onnx,outputs\candidates\ref6275_deduplicated\task392_DeduplicateInitializers.onnx,7389,7389,0,9738,9738,0,32,32,0,0
task393,outputs\reference_6275_flat\task393.onnx,outputs\candidates\ref6275_deduplicated\task393_DeduplicateInitializers.onnx,63,63,0,1538,1538,0,8,8,0,0
task394,outputs\reference_6275_flat\task394.onnx,outputs\candidates\ref6275_deduplicated\task394_DeduplicateInitializers.onnx,309,309,0,3787,3787,0,14,14,0,0
task395,outputs\reference_6275_flat\task395.onnx,outputs\candidates\ref6275_deduplicated\task395_DeduplicateInitializers.onnx,297,297,0,1179,1179,0,10,10,0,0
task396,outputs\reference_6275_flat\task396.onnx,outputs\candidates\ref6275_deduplicated\task396_DeduplicateInitializers.onnx,25442,25442,0,26549,26549,0,20,20,0,0
task397,outputs\reference_6275_flat\task397.onnx,outputs\candidates\ref6275_deduplicated\task397_DeduplicateInitializers.onnx,471,471,0,7195,7195,0,29,29,0,0
task398,outputs\reference_6275_flat\task398.onnx,outputs\candidates\ref6275_deduplicated\task398_DeduplicateInitializers.onnx,6714,6714,0,8682,8682,0,26,26,0,0
task399,outputs\reference_6275_flat\task399.onnx,outputs\candidates\ref6275_deduplicated\task399_DeduplicateInitializers.onnx,2144,2144,0,1907,1907,0,4,4,0,0
task400,outputs\reference_6275_flat\task400.onnx,outputs\candidates\ref6275_deduplicated\task400_DeduplicateInitializers.onnx,345,345,0,3021,3021,0,6,6,0,0
