task_id,input_shape_relation,output_shape_relation,same_shape,crop,expand,panel,scale,num_colors_in,num_colors_out,color_role_stability,has_frame,has_panel_separator,has_objects,has_lines,has_holes,has_symmetry,has_periodicity,has_translation,has_recolor,has_counting,has_template_copy,current_cost,potential_to_1000,current_model_source,known_online_status,family,family_reason
task001,3x3;3x3;3x3;3x3;3x3,9x9;9x9;9x9;9x9;9x9,False,False,True,True,True,5,5,0.0,False,True,True,True,True,horizontal,False,False,False,False,True,172,0,outputs\onnx\task001.onnx,tried,C,panel_selection_or_algebra
task002,6x6;10x10;10x10;10x10;20x20,6x6;10x10;10x10;10x10;20x20,True,False,False,False,False,2,3,0.5,False,False,True,False,True,rotational,False,True,True,False,True,1965,0.6755,outputs\onnx\task002.onnx,tried,E,hole_fill_or_enclosed_region
task003,6x3;6x3;6x3,9x3;9x3;9x3,False,False,True,True,False,2,2,0.0,False,True,True,True,True,horizontal,False,False,True,False,False,74,0,outputs\onnx\task003.onnx,tried,C,panel_selection_or_algebra
task004,14x9;8x9,14x9;8x9,True,False,False,False,False,4,4,0.0,False,False,True,False,True,none,False,False,False,False,True,3060,1.1184,outputs\onnx\task004.onnx,tried,E,hole_fill_or_enclosed_region
task005,21x21;21x21;21x21,21x21;21x21;21x21,True,False,False,False,False,8,8,0.875,False,False,True,False,True,none,False,True,False,False,True,1044,0.0431,outputs\onnx\task005.onnx,tried,E,hole_fill_or_enclosed_region
task006,3x7;3x7;3x7,3x3;3x3;3x3,False,True,False,True,False,3,2,0.0,False,True,True,False,True,vertical,False,False,True,False,False,339,0,outputs\onnx\task006.onnx,tried,B,bbox_crop_or_object_extraction
task007,7x7;7x7;7x7,7x7;7x7;7x7,True,False,False,False,False,6,5,0.8333,False,False,True,False,False,none,False,True,False,False,True,271,0,outputs\onnx\task007.onnx,tried,H,object_copy_or_marker_paste
task008,14x9;9x10;11x10,14x9;9x10;11x10,True,False,False,False,False,3,3,0.6667,False,False,True,False,False,none,False,False,False,False,True,382,0,outputs\onnx\task008.onnx,tried,H,object_copy_or_marker_paste
task009,20x20;23x23;23x23,20x20;23x23;23x23,True,False,False,True,False,7,7,0.8571,False,True,False,True,True,none,False,True,False,False,True,33147,3.501,outputs\onnx\task009.onnx,tried,C,panel_selection_or_algebra
task010,9x9;9x9,9x9;9x9,True,False,False,True,False,2,5,0.5,False,True,True,True,False,none,False,False,True,False,False,521,0,outputs\onnx\task010.onnx,tried,C,panel_selection_or_algebra
task011,11x11;11x11;11x11;11x11,11x11;11x11;11x11;11x11,True,False,False,True,False,7,6,0.1429,False,True,True,True,True,none,False,True,False,False,True,7065,1.9552,outputs\onnx\task011.onnx,tried,C,panel_selection_or_algebra
task012,12x12;12x12,12x12;12x12,True,False,False,False,False,5,5,0.8,False,False,True,False,False,none,False,True,False,False,True,587,0,outputs\onnx\task012.onnx,tried,H,object_copy_or_marker_paste
task013,10x25;7x23;22x9;24x8,10x25;7x23;22x9;24x8,True,False,False,False,False,6,6,0.8333,False,False,True,True,False,none,False,True,False,False,False,6795,1.9162,outputs\onnx\task013.onnx,tried,D,line_completion_or_projection
task014,21x21;18x19;19x17,10x10;7x9;9x6,False,True,False,False,False,6,4,0.0,False,False,True,True,True,none,False,False,False,False,True,0,0,outputs\onnx\task014.onnx,tried,B,bbox_crop_or_object_extraction
task015,9x9;9x9;9x9,9x9;9x9;9x9,True,False,False,False,False,5,7,0.8,False,False,True,False,False,none,False,True,True,False,False,4500,1.5041,outputs\onnx\task015.onnx,tried,A,same_shape_local_mask_or_recolor
task016,3x3;3x3;3x3;3x3,3x3;3x3;3x3;3x3,True,False,False,True,False,8,8,1.0,False,True,False,True,False,vertical,False,False,False,False,False,90,0,outputs\onnx\task016.onnx,tried,C,panel_selection_or_algebra
task017,21x21;21x21;21x21,21x21;21x21;21x21,True,False,False,False,False,8,7,0.875,False,False,False,False,True,none,False,True,False,False,True,2419,0.8834,outputs\onnx\task017.onnx,tried,E,hole_fill_or_enclosed_region
task018,14x18;14x15;16x14,14x18;14x15;16x14,True,False,False,False,False,6,6,0.1667,False,False,True,False,False,none,False,True,False,False,True,3315,1.1985,outputs\onnx\task018.onnx,tried,H,object_copy_or_marker_paste
task019,2x4;3x4;5x3;4x4,4x8;6x8;10x6;8x8,False,False,True,False,True,5,6,0.0,False,False,True,True,True,rotational,False,False,True,False,False,16326,2.7928,outputs\onnx\task019.onnx,tried,I,color_role_remapping
task020,10x10;10x10;10x10,10x10;10x10;10x10,True,False,False,False,False,6,6,0.8333,False,False,True,False,True,none,False,True,False,False,True,2406,0.878,outputs\onnx\task020.onnx,tried,E,hole_fill_or_enclosed_region
task021,15x15;11x11;27x27,2x4;3x2;6x5,False,True,False,True,False,4,2,0.0,False,True,False,True,False,none,False,False,False,False,True,16652,2.8125,outputs\onnx\task021.onnx,tried,C,panel_selection_or_algebra
task022,11x11;11x11;11x11,3x3;3x3;3x3,False,True,False,False,False,9,9,0.0,False,False,True,True,False,none,False,False,False,False,False,531,0,outputs\onnx\task022.onnx,tried,B,bbox_crop_or_object_extraction
task023,9x11;8x10;8x9,9x11;8x10;8x9,True,False,False,False,False,2,3,0.5,False,False,True,False,True,none,False,False,True,False,False,116,0,outputs\onnx\task023.onnx,tried,E,hole_fill_or_enclosed_region
task024,9x9;10x8;10x11,9x9;10x8;10x11,True,False,False,False,False,4,4,0.75,False,False,True,True,True,none,False,True,False,False,False,765,0,outputs\onnx\task024.onnx,tried,D,line_completion_or_projection
task025,18x19;15x14;15x16,18x19;15x14;15x16,True,False,False,True,False,6,6,0.0,False,True,True,True,False,none,False,True,False,False,True,839,0,outputs\onnx\task025.onnx,tried,C,panel_selection_or_algebra
task026,5x7;5x7;5x7;5x7;5x7,5x3;5x3;5x3;5x3;5x3,False,True,False,True,False,3,2,0.0,False,True,True,False,True,none,False,False,True,False,False,312,0,outputs\onnx\task026.onnx,tried,B,bbox_crop_or_object_extraction
task027,10x10;10x10;10x10,10x10;10x10;10x10,True,False,False,False,False,2,3,0.5,False,False,False,False,True,none,False,True,True,False,True,36154,3.5878,outputs\onnx\task027.onnx,tried,E,hole_fill_or_enclosed_region
task028,10x10;10x10,10x10;10x10,True,False,False,False,False,5,5,0.8,False,False,True,True,True,none,False,True,False,False,False,63050,4.1439,outputs\onnx\task028.onnx,tried,D,line_completion_or_projection
task029,23x21;13x16;17x18,6x8;5x3;8x10,False,True,False,False,False,9,8,0.0,False,False,True,False,True,none,False,False,False,False,True,978,0,outputs\onnx\task029.onnx,tried,B,bbox_crop_or_object_extraction
task030,5x10;10x10;5x10,5x10;10x10;5x10,True,False,False,False,False,4,4,0.25,False,False,True,False,False,none,False,False,False,False,True,5171,1.6431,outputs\onnx\task030.onnx,tried,H,object_copy_or_marker_paste
task031,10x12;11x12;12x12,4x4;5x3;3x5,False,True,False,False,False,4,4,0.0,False,False,False,True,False,none,False,False,False,False,True,470,0,outputs\onnx\task031.onnx,tried,K,template_matching_or_finite_pattern
task032,4x4;6x6;5x5,4x4;6x6;5x5,True,False,False,False,False,9,9,0.4444,False,False,True,False,False,none,False,False,False,False,True,409,0,outputs\onnx\task032.onnx,tried,H,object_copy_or_marker_paste
task033,17x17;17x17;17x17,17x17;17x17;17x17,True,False,False,True,False,5,5,0.8,False,True,True,True,True,none,False,True,False,False,True,369,0,outputs\onnx\task033.onnx,tried,C,panel_selection_or_algebra
task034,9x9;9x9;9x9;9x9,9x9;9x9;9x9;9x9,True,False,False,False,False,6,5,0.6667,False,False,False,False,False,none,False,True,False,False,True,7701,2.0414,outputs\onnx\task034.onnx,tried,K,template_matching_or_finite_pattern
task035,10x10;10x10;10x10,10x10;10x10;10x10,True,False,False,False,False,9,9,0.8889,False,False,True,False,False,none,False,False,False,False,True,1389,0.3286,outputs\onnx\task035.onnx,tried,H,object_copy_or_marker_paste
task036,30x30;30x30,5x3;3x3,False,True,False,False,False,6,3,0.0,False,False,True,True,True,none,False,False,False,False,False,1299,0.2616,outputs\onnx\task036.onnx,tried,B,bbox_crop_or_object_extraction
task037,10x10;10x10;10x10,10x10;10x10;10x10,True,False,False,False,False,8,8,0.875,False,False,True,False,False,none,False,True,False,False,True,25086,3.2223,outputs\onnx\task037.onnx,tried,H,object_copy_or_marker_paste
task038,9x9;9x9;9x9,1x5;1x5;1x5,False,True,False,False,False,3,2,0.0,False,False,True,True,False,none,False,False,False,False,False,493,0,outputs\onnx\task038.onnx,tried,B,bbox_crop_or_object_extraction
task039,10x10;10x10,3x3;3x3,False,True,False,False,False,9,9,0.0,False,False,True,False,False,both,False,False,False,False,False,248,0,outputs\onnx\task039.onnx,tried,B,bbox_crop_or_object_extraction
task040,10x10;10x10;10x10,10x10;10x10;10x10,True,False,False,False,False,8,7,0.875,False,False,True,True,False,none,False,False,False,False,True,370,0,outputs\onnx\task040.onnx,tried,D,line_completion_or_projection
task041,10x10;10x10;10x10,10x10;10x10;10x10,True,False,False,False,False,6,6,0.8333,False,False,True,False,False,horizontal,False,True,False,False,True,243,0,outputs\onnx\task041.onnx,tried,F,symmetry_or_mirror_completion
task042,10x10;10x10;10x10,10x10;10x10;10x10,True,False,False,False,False,2,3,0.5,False,False,True,False,False,none,False,True,True,False,True,888,0,outputs\onnx\task042.onnx,tried,H,object_copy_or_marker_paste
task043,10x10;10x10;10x10,10x10;10x10;10x10,True,False,False,False,False,2,3,0.5,False,False,True,False,False,none,False,True,True,False,True,777,0,outputs\onnx\task043.onnx,tried,H,object_copy_or_marker_paste
task044,10x10;10x10;10x10,10x10;10x10;10x10,True,False,False,False,False,9,9,0.7778,False,False,True,False,True,none,False,False,False,False,True,6291,1.8391,outputs\onnx\task044.onnx,tried,E,hole_fill_or_enclosed_region
task045,10x10;10x10;10x10,10x10;10x10;10x10,True,False,False,False,False,9,9,0.8889,False,False,True,True,False,none,False,True,False,False,False,244,0,outputs\onnx\task045.onnx,tried,D,line_completion_or_projection
task046,3x9;3x11;3x11;3x11,3x7;3x9;3x9;3x8,False,True,False,False,False,7,6,0.0,False,False,True,False,False,none,False,False,False,False,False,4446,1.492,outputs\onnx\task046.onnx,tried,B,bbox_crop_or_object_extraction
task047,9x9;9x9,9x9;9x9,True,False,False,False,False,3,4,0.6667,False,False,True,False,True,none,False,True,True,False,False,747,0,outputs\onnx\task047.onnx,tried,A,same_shape_local_mask_or_recolor
task048,5x5;5x7;6x7;6x7;6x7;6x6,1x1;1x1;1x1;1x1;1x1;1x1,False,True,False,False,False,3,2,0.0,False,False,True,True,True,none,False,False,False,False,False,462,0,outputs\onnx\task048.onnx,tried,B,bbox_crop_or_object_extraction
task049,10x10;20x20;10x15;13x15;18x15,3x3;2x3;3x2;3x4;2x2,False,True,False,False,False,8,5,0.0,False,False,True,True,False,none,False,False,False,False,False,942,0,outputs\onnx\task049.onnx,tried,B,bbox_crop_or_object_extraction
task050,7x13;10x11;12x11;9x6;3x3;5x6;7x6;12x11,7x13;10x11;12x11;9x6;3x3;5x6;7x6;12x11,True,False,False,False,False,2,3,0.5,False,False,True,False,False,both,False,True,True,False,True,675,0,outputs\onnx\task050.onnx,tried,F,symmetry_or_mirror_completion
task051,10x15;12x12;15x12,10x15;12x12;15x12,True,False,False,False,False,5,5,0.8,False,False,False,False,False,none,False,True,False,False,True,658,0,outputs\onnx\task051.onnx,tried,K,template_matching_or_finite_pattern
task052,3x3;3x3;3x3;3x3,3x3;3x3;3x3;3x3,True,False,False,True,False,7,2,0.7143,False,True,False,True,False,horizontal,False,True,True,False,False,283,0,outputs\onnx\task052.onnx,tried,A,same_shape_local_mask_or_recolor
task053,3x3;3x3;3x3;3x3,3x3;3x3;3x3;3x3,True,False,False,True,False,3,3,0.0,False,True,False,True,False,both,False,True,False,False,False,270,0,outputs\onnx\task053.onnx,tried,C,panel_selection_or_algebra
task054,30x30;30x30;30x30,30x30;30x30;30x30,True,False,False,True,False,7,7,0.4286,True,True,False,True,False,none,False,False,False,False,True,1061,0.0592,outputs\onnx\task054.onnx,tried,C,panel_selection_or_algebra
task055,18x19;12x14,18x19;12x14,True,False,False,True,False,2,7,0.5,False,True,False,True,True,vertical,False,True,True,False,True,5090,1.6273,outputs\onnx\task055.onnx,tried,C,panel_selection_or_algebra
task056,3x3;3x3;3x3;3x3;3x3;3x3;3x3,1x1;1x1;1x1;1x1;1x1;1x1;1x1,False,True,False,True,False,5,4,0.0,False,True,True,True,True,both,False,False,True,True,False,592,0,outputs\onnx\task056.onnx,tried,B,bbox_crop_or_object_extraction
task057,8x8;8x8;8x8,3x6;3x6;3x6,False,True,False,False,False,4,4,0.0,False,False,True,True,False,none,False,False,False,False,False,99,0,outputs\onnx\task057.onnx,tried,B,bbox_crop_or_object_extraction
task058,6x6;8x8;15x15;13x13;10x10,6x6;8x8;15x15;13x13;10x10,True,False,False,False,False,1,2,0.0,False,False,False,True,False,both,True,True,True,False,False,32257,3.4737,outputs\onnx\task058.onnx,tried,D,line_completion_or_projection
task059,11x11;11x11;11x11,11x11;11x11;11x11,True,False,False,True,False,5,5,0.2,False,True,True,True,True,none,False,True,False,False,True,12909,2.5579,outputs\onnx\task059.onnx,tried,C,panel_selection_or_algebra
task060,5x11;5x11,5x11;5x11,True,False,False,False,False,5,6,0.8,False,False,True,False,False,none,False,True,True,False,False,1057,0.0554,outputs\onnx\task060.onnx,tried,A,same_shape_local_mask_or_recolor
task061,18x18;18x18;18x18;18x18,18x18;18x18;18x18;18x18,True,False,False,True,False,9,8,0.8889,False,True,False,True,True,none,False,True,False,False,True,17726,2.875,outputs\onnx\task061.onnx,tried,C,panel_selection_or_algebra
task062,10x10;10x10;10x10;10x10,10x10;10x10;10x10;10x10,True,False,False,False,False,6,5,0.6667,False,False,False,True,False,none,False,True,True,False,False,4713,1.5503,outputs\onnx\task062.onnx,tried,A,same_shape_local_mask_or_recolor
task063,12x12;12x12;10x10,12x12;12x12;10x10,True,False,False,False,False,3,4,0.6667,False,False,False,True,True,none,False,True,True,False,True,276,0,outputs\onnx\task063.onnx,tried,A,same_shape_local_mask_or_recolor
task064,9x12;10x12;14x12;14x18,9x12;10x12;14x12;14x18,True,False,False,True,False,6,6,0.5,True,True,False,True,False,none,False,False,False,False,True,978,0,outputs\onnx\task064.onnx,tried,C,panel_selection_or_algebra
task065,5x5;7x7;11x11,2x2;3x3;5x5,False,True,False,True,False,5,4,0.0,False,True,False,True,False,none,False,False,False,False,True,561,0,outputs\onnx\task065.onnx,tried,C,panel_selection_or_algebra
task066,20x20;10x10;15x15,20x20;10x10;15x15,True,False,False,False,False,4,4,0.75,False,False,True,False,True,none,False,True,False,False,True,430,0,outputs\onnx\task066.onnx,tried,E,hole_fill_or_enclosed_region
task067,3x9;4x12;2x6,3x3;4x4;2x2,False,True,False,True,False,6,6,0.0,False,True,False,True,False,rotational,False,False,False,False,False,165,0,outputs\onnx\task067.onnx,tried,C,panel_selection_or_algebra
task068,10x10;10x10;10x10,10x10;10x10;10x10,True,False,False,False,False,10,5,0.4,False,False,True,False,False,none,False,True,False,False,True,199,0,outputs\onnx\task068.onnx,tried,H,object_copy_or_marker_paste
task069,10x10;10x10,10x10;10x10,True,False,False,False,False,6,5,0.8333,False,False,True,False,False,none,False,True,False,False,True,7362,1.9963,outputs\onnx\task069.onnx,tried,H,object_copy_or_marker_paste
task070,17x17;17x17;17x17,17x17;17x17;17x17,True,False,False,False,False,3,4,0.6667,False,False,True,False,True,none,False,False,True,False,True,258,0,outputs\onnx\task070.onnx,tried,A,same_shape_local_mask_or_recolor
task071,16x16;16x16,16x16;16x16,True,False,False,False,False,5,3,0.6,False,False,False,False,True,none,False,True,False,False,True,8238,2.1088,outputs\onnx\task071.onnx,tried,E,hole_fill_or_enclosed_region
task072,13x5;13x5;13x5;13x5,6x5;6x5;6x5;6x5,False,True,False,True,False,3,2,0.0,False,True,True,True,True,none,False,False,True,False,False,462,0,outputs\onnx\task072.onnx,tried,B,bbox_crop_or_object_extraction
task073,5x5;5x5;5x5,5x5;5x5;5x5,True,False,False,False,False,3,3,0.6667,False,False,False,False,False,horizontal,False,True,False,False,True,4550,1.5151,outputs\onnx\task073.onnx,tried,F,symmetry_or_mirror_completion
task074,30x30;30x30;30x30;30x30,30x30;30x30;30x30;30x30,True,False,False,False,False,10,9,0.9,False,False,True,False,True,none,False,True,False,False,True,321,0,outputs\onnx\task074.onnx,tried,E,hole_fill_or_enclosed_region
task075,9x13;9x13;9x13,9x13;9x13;9x13,True,False,False,True,False,10,9,0.8,False,True,True,True,True,none,False,True,False,False,True,509,0,outputs\onnx\task075.onnx,tried,C,panel_selection_or_algebra
task076,13x13;13x13;13x13,13x13;13x13;13x13,True,False,False,False,False,5,5,0.8,False,False,True,False,False,none,False,True,False,False,True,17538,2.8644,outputs\onnx\task076.onnx,tried,H,object_copy_or_marker_paste
task077,17x18;15x16;15x14,17x18;15x16;15x14,True,False,False,False,False,5,6,0.4,False,False,True,False,True,none,False,False,True,False,True,6972,1.9419,outputs\onnx\task077.onnx,tried,E,hole_fill_or_enclosed_region
task078,10x10;10x10;10x10,10x10;10x10;10x10,True,False,False,False,False,3,3,0.3333,False,False,True,False,False,none,False,False,False,False,True,276,0,outputs\onnx\task078.onnx,tried,H,object_copy_or_marker_paste
task079,14x14;14x14;14x14,3x3;3x3;3x3,False,True,False,False,False,6,3,0.0,False,False,True,True,False,none,False,False,False,False,False,1301,0.2631,outputs\onnx\task079.onnx,tried,B,bbox_crop_or_object_extraction
task080,24x24;27x27;27x27,24x24;27x27;27x27,True,False,False,True,False,6,6,0.8333,False,True,False,True,True,none,False,True,False,False,True,9335,2.2338,outputs\onnx\task080.onnx,tried,C,panel_selection_or_algebra
task081,7x7;7x7,7x7;7x7,True,False,False,False,False,2,3,0.5,False,False,True,False,False,none,False,True,True,False,True,627,0,outputs\onnx\task081.onnx,tried,H,object_copy_or_marker_paste
task082,6x10;6x7,6x10;6x7,True,False,False,False,False,4,4,0.75,False,False,True,False,True,none,False,True,False,False,True,443,0,outputs\onnx\task082.onnx,tried,E,hole_fill_or_enclosed_region
task083,3x4;3x4;3x4,6x8;6x8;6x8,False,False,True,False,True,3,3,0.0,False,False,True,True,True,vertical,False,False,False,False,True,9000,2.1972,outputs\onnx\task083.onnx,tried,H,object_copy_or_marker_paste
task084,15x15;3x3;7x7,15x15;3x3;7x7,True,False,False,False,False,4,6,0.75,False,False,False,True,False,vertical,False,True,True,False,True,722,0,outputs\onnx\task084.onnx,tried,A,same_shape_local_mask_or_recolor
task085,8x30;8x20,8x30;8x20,True,False,False,False,False,5,5,0.2,False,False,True,False,True,none,False,True,False,False,True,558,0,outputs\onnx\task085.onnx,tried,E,hole_fill_or_enclosed_region
task086,10x10;10x10;10x10,10x10;10x10;10x10,True,False,False,False,False,7,7,0.8571,False,False,False,False,False,both,False,True,False,False,True,1153,0.1424,outputs\onnx\task086.onnx,tried,F,symmetry_or_mirror_completion
task087,3x3;3x3;3x3;3x3,3x3;3x3;3x3;3x3,True,False,False,True,False,7,7,0.0,False,True,False,True,False,none,False,False,False,False,False,144,0,outputs\onnx\task087.onnx,tried,C,panel_selection_or_algebra
task088,7x7;12x9;12x14;12x18,3x3;3x5;4x4;4x8,False,True,False,False,False,6,5,0.0,False,False,True,True,False,none,False,False,False,False,True,10824,2.3818,outputs\onnx\task088.onnx,tried,B,bbox_crop_or_object_extraction
task089,13x13;13x13;13x13;13x13,13x13;13x13;13x13;13x13,True,False,False,False,False,6,6,0.8333,False,False,True,False,False,none,False,True,False,False,True,879,0,outputs\onnx\task089.onnx,tried,H,object_copy_or_marker_paste
task090,3x30;4x20;2x20;4x20,3x30;4x20;2x20;4x20,True,False,False,True,False,3,4,0.6667,False,True,True,True,True,none,False,True,True,False,True,438,0,outputs\onnx\task090.onnx,tried,A,same_shape_local_mask_or_recolor
task091,9x9;9x11;11x13,5x5;5x7;6x5,False,True,False,False,False,3,3,0.0,False,False,True,False,False,none,False,False,False,False,True,963,0,outputs\onnx\task091.onnx,tried,B,bbox_crop_or_object_extraction
task092,30x20;20x10,30x20;20x10,True,False,False,False,False,9,9,0.8889,False,False,True,False,False,none,False,True,False,False,False,90,0,outputs\onnx\task092.onnx,tried,A,same_shape_translation_based
task093,14x14;14x14;14x14,14x14;14x14;14x14,True,False,False,True,False,5,2,0.2,False,True,True,True,False,none,False,False,False,False,True,667,0,outputs\onnx\task093.onnx,tried,C,panel_selection_or_algebra
task094,15x15;15x15,15x15;15x15,True,False,False,True,False,2,3,0.5,True,True,False,False,False,none,False,False,True,False,True,802,0,outputs\onnx\task094.onnx,tried,C,panel_selection_or_algebra
task095,9x9;9x9,9x9;9x9,True,False,False,False,False,2,3,0.5,False,False,True,False,False,none,False,True,True,False,False,4550,1.5151,outputs\onnx\task095.onnx,tried,A,same_shape_translation_based
task096,13x17;18x18;18x18,7x7;7x7;11x11,False,True,False,True,False,8,8,0.0,True,True,False,False,True,none,False,False,False,False,True,8858,2.1813,outputs\onnx\task096.onnx,tried,B,bbox_crop_or_object_extraction
task097,16x11;12x18;11x19;17x9,16x11;12x18;11x19;17x9,True,False,False,False,False,5,5,0.2,False,False,True,False,True,none,False,True,False,False,True,1938,0.6617,outputs\onnx\task097.onnx,tried,E,hole_fill_or_enclosed_region
task098,18x16;8x7;11x12,18x16;8x7;11x12,True,False,False,False,False,8,8,0.125,False,False,True,False,True,horizontal,False,True,False,False,True,4550,1.5151,outputs\onnx\task098.onnx,tried,E,hole_fill_or_enclosed_region
task099,10x10;10x10;10x10,10x10;10x10;10x10,True,False,False,False,False,6,6,0.8333,False,False,True,False,True,none,False,True,False,False,True,24550,3.2007,outputs\onnx\task099.onnx,tried,E,hole_fill_or_enclosed_region
task100,10x10;10x10;10x10,2x2;2x2;2x2,False,True,False,False,False,6,3,0.0,False,False,True,True,True,none,False,False,False,False,False,335,0,outputs\onnx\task100.onnx,tried,B,bbox_crop_or_object_extraction
task101,14x12;14x12;14x12,14x12;14x12;14x12,True,False,False,False,False,3,3,0.6667,False,False,True,False,False,none,False,True,False,False,True,14360,2.6644,outputs\onnx\task101.onnx,tried,H,object_copy_or_marker_paste
task102,12x12;12x12;12x12;12x12,12x12;12x12;12x12;12x12,True,False,False,False,False,2,3,0.5,False,False,True,False,True,none,False,True,True,False,True,1137,0.1284,outputs\onnx\task102.onnx,tried,E,hole_fill_or_enclosed_region
task103,3x3;3x3;3x3;3x3;3x3;3x3,1x1;1x1;1x1;1x1;1x1;1x1,False,True,False,False,False,2,2,0.0,False,False,True,True,False,both,False,False,True,True,False,425,0,outputs\onnx\task103.onnx,tried,B,bbox_crop_or_object_extraction
task104,3x3;3x3,9x9;9x9,False,False,True,False,True,3,2,0.0,False,False,False,False,False,none,False,False,False,False,False,5414,1.689,outputs\onnx\task104.onnx,tried,J,scale_repeat_or_kron
task105,9x13;11x13;13x13,9x13;11x13;13x13,True,False,False,False,False,2,3,0.5,False,False,True,False,True,none,False,True,True,False,True,36364,3.5936,outputs\onnx\task105.onnx,tried,E,hole_fill_or_enclosed_region
task106,2x2;3x3;3x3,4x4;6x6;6x6,False,False,True,False,True,5,5,0.0,False,False,False,True,False,rotational,False,False,False,False,True,746,0,outputs\onnx\task106.onnx,tried,J,scale_repeat_or_kron
task107,5x5;5x5;5x5,10x10;15x15;20x20,False,False,True,False,True,8,9,0.0,False,False,True,True,True,none,False,False,True,False,True,42039,3.7386,outputs\onnx\task107.onnx,tried,H,object_copy_or_marker_paste
task108,10x10;10x10;10x10,20x20;20x20;20x20,False,False,True,False,True,6,6,0.0,False,False,True,False,False,none,False,False,False,False,False,9000,2.1972,outputs\onnx\task108.onnx,tried,J,scale_repeat_or_kron
task109,11x11;9x9;7x7,10x10;8x8;6x6,False,True,False,True,False,6,4,0.0,False,True,True,False,True,none,False,False,False,False,True,2541,0.9326,outputs\onnx\task109.onnx,tried,B,bbox_crop_or_object_extraction
task110,29x29;29x29;29x29,29x29;29x29;29x29,True,False,False,False,False,9,8,0.8889,False,False,False,False,True,none,False,True,False,False,True,4623,1.531,outputs\onnx\task110.onnx,tried,E,hole_fill_or_enclosed_region
task111,10x10;10x10;10x10,3x3;3x3;3x3,False,True,False,False,False,5,4,0.0,False,False,True,True,True,none,False,False,False,False,False,248,0,outputs\onnx\task111.onnx,tried,B,bbox_crop_or_object_extraction
task112,20x30;10x10;12x14,20x30;10x10;12x14,True,False,False,False,False,3,3,0.6667,False,False,True,False,True,none,False,True,False,False,True,564,0,outputs\onnx\task112.onnx,tried,E,hole_fill_or_enclosed_region
task113,10x3;10x5,10x3;10x5,True,False,False,True,False,4,4,0.75,False,True,False,True,False,horizontal,False,True,False,False,True,270,0,outputs\onnx\task113.onnx,tried,C,panel_selection_or_algebra
task114,2x2;2x3;3x3,4x4;4x5;5x5,False,False,True,False,False,6,6,0.0,False,False,False,False,True,none,False,False,False,False,False,934,0,outputs\onnx\task114.onnx,tried,J,expand_generic
task115,14x16;9x7;11x9,1x3;3x1;4x1,False,True,False,True,False,6,6,0.0,False,True,False,True,False,none,False,False,False,True,False,429,0,outputs\onnx\task115.onnx,tried,C,panel_selection_or_algebra
task116,3x4;3x4;3x4;3x4,6x4;6x4;6x4;6x4,False,False,True,True,False,5,5,0.0,False,True,False,True,False,rotational,False,False,False,False,True,270,0,outputs\onnx\task116.onnx,tried,C,panel_selection_or_algebra
task117,14x14;14x14;12x12,14x14;14x14;12x12,True,False,False,False,False,6,6,0.8333,False,False,True,False,True,none,False,True,False,False,True,2113,0.7481,outputs\onnx\task117.onnx,tried,E,hole_fill_or_enclosed_region
task118,20x22;20x20;18x19;11x12,20x22;20x20;18x19;11x12,True,False,False,False,False,3,4,0.6667,False,False,True,False,True,none,False,False,True,False,True,9433,2.2442,outputs\onnx\task118.onnx,tried,A,same_shape_local_mask_or_recolor
task119,12x12;12x12;12x12,12x12;12x12;12x12,True,False,False,True,False,3,4,0.6667,False,True,True,True,False,none,False,True,True,False,True,5856,1.7675,outputs\onnx\task119.onnx,tried,A,same_shape_local_mask_or_recolor
task120,13x15;12x11;12x13,13x15;12x11;12x13,True,False,False,False,False,4,5,0.25,False,False,True,False,False,none,False,False,True,False,True,4550,1.5151,outputs\onnx\task120.onnx,tried,H,object_copy_or_marker_paste
task121,13x13;13x13;13x13,3x3;3x3;3x3,False,True,False,False,False,7,4,0.0,False,False,True,True,True,none,False,False,False,False,False,366,0,outputs\onnx\task121.onnx,tried,B,bbox_crop_or_object_extraction
task122,7x13;13x7;7x7,7x13;13x7;7x7,True,False,False,False,False,3,3,0.3333,False,False,True,False,False,vertical,False,False,False,False,True,12550,2.5297,outputs\onnx\task122.onnx,tried,F,symmetry_or_mirror_completion
task123,5x5;5x5;5x5,10x10;10x10;10x10,False,False,True,False,True,6,5,0.0,False,False,False,True,False,none,False,False,False,False,True,8497,2.1397,outputs\onnx\task123.onnx,tried,J,scale_repeat_or_kron
task124,6x10;5x10;8x10,10x10;10x10;10x10,False,False,True,True,False,4,4,0.0,False,True,True,True,True,vertical,False,False,False,False,True,3113,1.1356,outputs\onnx\task124.onnx,tried,C,panel_selection_or_algebra
task125,15x15;15x15,15x15;15x15,True,False,False,True,False,2,4,0.5,True,True,False,True,False,none,False,False,True,False,True,644,0,outputs\onnx\task125.onnx,tried,C,panel_selection_or_algebra
task126,8x8;5x5;5x7,8x8;5x5;5x7,True,False,False,False,False,4,5,0.75,False,False,True,False,True,horizontal,False,True,True,False,True,347,0,outputs\onnx\task126.onnx,tried,A,same_shape_local_mask_or_recolor
task127,3x11;3x11;3x11;7x11,3x11;3x11;3x11;7x11,True,False,False,True,False,6,5,0.8333,False,True,True,True,False,both,False,True,True,False,False,4500,1.5041,outputs\onnx\task127.onnx,tried,A,same_shape_local_mask_or_recolor
task128,15x15;15x15;15x15,15x15;15x15;15x15,True,False,False,False,False,4,4,0.75,False,False,True,False,False,none,False,False,False,False,True,906,0,outputs\onnx\task128.onnx,tried,H,object_copy_or_marker_paste
task129,3x3;3x3;3x3,3x3;3x3;3x3,True,False,False,False,False,7,3,0.2857,False,False,False,True,False,none,False,False,False,False,False,258,0,outputs\onnx\task129.onnx,tried,D,line_completion_or_projection
task130,9x9;9x9,3x3;3x3,False,True,False,False,False,8,7,0.0,False,False,True,False,False,none,False,False,False,False,False,608,0,outputs\onnx\task130.onnx,tried,B,bbox_crop_or_object_extraction
task131,4x16;17x5;17x5,4x16;17x5;17x5,True,False,False,True,False,3,4,0.6667,False,True,True,True,True,none,False,True,True,False,True,4943,1.598,outputs\onnx\task131.onnx,tried,A,same_shape_local_mask_or_recolor
task132,10x10;7x8;10x10;6x11,10x10;7x8;10x10;6x11,True,False,False,False,False,6,6,0.8333,False,False,True,False,False,none,False,True,False,False,False,436,0,outputs\onnx\task132.onnx,tried,A,same_shape_translation_based
task133,16x12;16x18;17x18;15x18,16x12;16x18;17x18;15x18,True,False,False,False,False,7,7,0.8571,False,False,True,False,False,none,False,True,False,False,True,1406822,7.2491,outputs\onnx\task133.onnx,tried,L,high_cost_representation_rewrite_candidate
task134,20x24;22x23;24x23,3x3;3x3;3x3,False,True,False,False,False,7,4,0.0,False,False,True,True,True,none,False,False,False,False,False,600,0,outputs\onnx\task134.onnx,tried,B,bbox_crop_or_object_extraction
task135,9x9;9x9;9x9;9x9,3x3;3x3;3x3;3x3,False,True,False,False,False,10,9,0.0,False,False,True,False,True,none,False,False,False,False,False,54,0,outputs\onnx\task135.onnx,tried,B,bbox_crop_or_object_extraction
task136,10x10;10x10;10x10,10x10;10x10;10x10,True,False,False,False,False,3,3,0.6667,False,False,True,False,True,none,False,True,False,False,True,2229,0.8016,outputs\onnx\task136.onnx,tried,E,hole_fill_or_enclosed_region
task137,23x23;23x23;23x23,23x23;23x23;23x23,True,False,False,False,False,4,4,0.75,False,False,True,True,True,none,False,True,False,False,True,2028,0.7071,outputs\onnx\task137.onnx,tried,D,line_completion_or_projection
task138,22x22;12x12;14x15,15x12;8x8;6x9,False,True,False,True,False,7,7,0.0,False,True,True,True,True,none,False,False,False,False,True,789,0,outputs\onnx\task138.onnx,tried,B,bbox_crop_or_object_extraction
task139,9x9;9x9,9x9;9x9,True,False,False,False,False,2,3,0.5,False,False,True,False,False,none,False,True,True,False,True,988,0,outputs\onnx\task139.onnx,tried,H,object_copy_or_marker_paste
task140,3x3;3x3,3x3;3x3,True,False,False,False,False,7,7,0.7143,False,False,False,False,False,none,False,False,False,False,False,144,0,outputs\onnx\task140.onnx,tried,A,same_shape_generic
task141,15x15;15x15;7x7,15x15;15x15;7x7,True,False,False,False,False,4,4,0.75,False,False,False,False,False,vertical,False,True,False,False,True,409,0,outputs\onnx\task141.onnx,tried,F,symmetry_or_mirror_completion
task142,3x3;3x3;3x3,6x6;6x6;6x6,False,False,True,False,True,4,4,0.0,False,False,False,True,True,none,False,False,False,False,True,9000,2.1972,outputs\onnx\task142.onnx,tried,J,scale_repeat_or_kron
task143,10x10;10x10;10x10,10x10;10x10;10x10,True,False,False,False,False,9,8,0.7778,False,False,True,False,False,none,False,False,False,False,True,465,0,outputs\onnx\task143.onnx,tried,H,object_copy_or_marker_paste
task144,9x4;9x4;9x4;9x4,4x4;4x4;4x4;4x4,False,True,False,True,False,4,2,0.0,False,True,True,False,True,none,False,False,True,False,False,322,0,outputs\onnx\task144.onnx,tried,B,bbox_crop_or_object_extraction
task145,18x13;11x13;11x16;15x16,18x13;11x13;11x16;15x16,True,False,False,True,False,2,4,0.5,False,True,False,True,True,none,False,True,True,False,True,2979,1.0916,outputs\onnx\task145.onnx,tried,C,panel_selection_or_algebra
task146,9x3;9x3;9x3;9x3,3x3;3x3;3x3;3x3,False,True,False,True,False,9,5,0.0,False,True,False,True,False,none,False,False,False,False,False,203,0,outputs\onnx\task146.onnx,tried,C,panel_selection_or_algebra
task147,3x3;4x6;4x4;5x6,3x3;4x6;4x4;5x6,True,False,False,False,False,2,3,0.5,False,False,True,False,False,none,False,False,True,False,True,4550,1.5151,outputs\onnx\task147.onnx,tried,H,object_copy_or_marker_paste
task148,19x8;20x10;20x10,19x8;20x10;20x10,True,False,False,False,False,3,4,0.6667,False,False,True,False,False,none,False,True,True,False,False,1873,0.6275,outputs\onnx\task148.onnx,tried,A,same_shape_local_mask_or_recolor
task149,11x11;11x11;11x11;11x11,3x3;3x3;3x3;3x3,False,True,False,True,False,3,2,0.0,False,True,True,False,True,none,False,False,True,False,False,232,0,outputs\onnx\task149.onnx,tried,B,bbox_crop_or_object_extraction
task150,4x4;7x7;6x6,4x4;7x7;6x6,True,False,False,False,False,4,4,0.0,False,False,False,True,False,none,False,False,False,False,True,302,0,outputs\onnx\task150.onnx,tried,D,line_completion_or_projection
task151,4x4;8x8;6x6,4x4;8x8;6x6,True,False,False,True,False,7,8,0.0,False,True,False,False,False,none,False,True,True,False,True,525,0,outputs\onnx\task151.onnx,tried,C,panel_selection_or_algebra
task152,3x3;3x3;3x3;3x3,6x6;6x6;6x6;6x6,False,False,True,False,True,8,8,0.0,False,False,False,True,False,none,False,False,False,False,True,9000,2.1972,outputs\onnx\task152.onnx,tried,J,scale_repeat_or_kron
task153,10x10;10x10;10x10,3x3;3x3;3x3,False,True,False,False,False,6,5,0.0,False,False,True,True,False,none,False,False,False,False,False,3320,1.2,outputs\onnx\task153.onnx,tried,B,bbox_crop_or_object_extraction
task154,15x15;15x15;15x15,15x15;15x15;15x15,True,False,False,False,False,3,3,0.6667,False,False,True,False,True,none,False,False,False,False,True,4966,1.6026,outputs\onnx\task154.onnx,tried,E,hole_fill_or_enclosed_region
task155,5x5;5x5;7x7,5x5;5x5;7x7,True,False,False,False,False,6,6,0.0,False,False,False,False,False,none,False,False,False,False,False,311,0,outputs\onnx\task155.onnx,tried,A,same_shape_generic
task156,10x10;10x10,10x10;10x10,True,False,False,False,False,2,4,0.5,False,False,True,False,False,none,False,False,True,False,True,2979,1.0916,outputs\onnx\task156.onnx,tried,H,object_copy_or_marker_paste
task157,10x15;10x15,10x15;10x15,True,False,False,False,False,3,3,0.6667,False,False,True,True,False,none,False,False,True,False,True,809080,6.6959,outputs\onnx\task157.onnx,tried,L,high_cost_representation_rewrite_candidate
task158,20x19;20x21;21x22,20x19;20x21;21x22,True,False,False,True,False,6,6,0.5,True,True,False,True,False,none,False,False,False,False,True,4613,1.5289,outputs\onnx\task158.onnx,tried,C,panel_selection_or_algebra
task159,18x21;19x22;21x24,8x8;5x5;11x11,False,True,False,False,False,5,5,0.0,False,False,True,True,True,none,False,False,False,False,True,12549,2.5296,outputs\onnx\task159.onnx,tried,B,bbox_crop_or_object_extraction
task160,10x10;10x10,10x10;10x10,True,False,False,False,False,2,3,0.0,False,False,True,False,True,none,False,True,True,False,True,571,0,outputs\onnx\task160.onnx,tried,E,hole_fill_or_enclosed_region
task161,11x22;13x20;15x17,11x22;13x20;15x17,True,False,False,False,False,7,4,0.2857,False,False,True,True,False,none,False,True,False,False,False,389,0,outputs\onnx\task161.onnx,tried,D,line_completion_or_projection
task162,20x20;20x20;20x20,20x20;20x20;20x20,True,False,False,False,False,4,5,0.75,False,False,True,False,True,none,False,True,True,False,True,183,0,outputs\onnx\task162.onnx,tried,A,same_shape_local_mask_or_recolor
task163,11x11;11x11;11x11;11x11,11x11;11x11;11x11;11x11,True,False,False,True,False,10,9,0.5,False,True,True,True,True,none,False,True,False,False,True,9439,2.2449,outputs\onnx\task163.onnx,tried,C,panel_selection_or_algebra
task164,3x3;3x3;3x3;3x3,3x6;3x6;3x6;3x6,False,False,True,False,False,3,3,0.0,False,False,False,True,False,none,False,False,False,False,False,270,0,outputs\onnx\task164.onnx,tried,J,expand_generic
task165,20x20;20x20;20x20,20x20;20x20;20x20,True,False,False,False,False,7,7,0.8571,False,False,True,False,False,none,False,True,False,False,True,3162,1.1512,outputs\onnx\task165.onnx,tried,H,object_copy_or_marker_paste
task166,14x10;7x8;9x8,14x10;7x8;9x8,True,False,False,False,False,2,3,0.5,False,False,False,False,True,none,False,True,True,False,True,289,0,outputs\onnx\task166.onnx,tried,E,hole_fill_or_enclosed_region
task167,3x3;3x3;3x3;3x3;3x3,3x3;3x3;3x3;3x3;3x3,True,False,False,True,False,3,2,0.0,False,True,False,True,False,both,True,True,True,False,False,1562,0.446,outputs\onnx\task167.onnx,tried,C,panel_selection_or_algebra
task168,10x10;10x10,10x10;10x10,True,False,False,False,False,3,3,0.6667,False,False,True,False,False,none,False,True,False,False,True,1505,0.4088,outputs\onnx\task168.onnx,tried,H,object_copy_or_marker_paste
task169,10x10;10x10;10x10,10x10;10x10;10x10,True,False,False,False,False,2,4,0.5,False,False,True,False,False,none,False,False,True,False,False,4799,1.5684,outputs\onnx\task169.onnx,tried,A,same_shape_with_recolor
task170,27x21;27x25;22x22,3x3;3x3;4x4,False,True,False,False,False,10,10,0.0,False,False,True,False,False,none,False,False,False,False,False,19255,2.9578,outputs\onnx\task170.onnx,tried,B,bbox_crop_or_object_extraction
task171,3x3;4x3;5x4;5x6,3x3;4x3;5x4;5x6,True,False,False,False,False,1,2,0.0,False,False,False,True,True,both,True,True,True,False,False,4550,1.5151,outputs\onnx\task171.onnx,tried,D,line_completion_or_projection
task172,3x3;3x3;3x3;3x3,6x3;6x3;6x3;6x3,False,False,True,True,False,8,8,0.0,False,True,False,True,False,horizontal,False,False,False,False,False,270,0,outputs\onnx\task172.onnx,tried,C,panel_selection_or_algebra
task173,13x22;13x12;14x19,13x22;13x12;14x19,True,False,False,False,False,7,7,0.8571,False,False,True,False,True,none,False,True,False,False,True,751,0,outputs\onnx\task173.onnx,tried,E,hole_fill_or_enclosed_region
task174,10x10;10x10;10x10,2x4;2x2;2x4,False,True,False,False,False,8,4,0.0,False,False,True,True,False,none,False,False,False,False,False,614,0,outputs\onnx\task174.onnx,tried,B,bbox_crop_or_object_extraction
task175,21x21;21x21;21x21,21x21;21x21;21x21,True,False,False,False,False,9,8,0.8889,False,False,False,False,True,none,False,True,False,False,True,13760,2.6218,outputs\onnx\task175.onnx,tried,E,hole_fill_or_enclosed_region
task176,3x10;3x15;3x18,3x10;3x15;3x18,True,False,False,False,False,2,3,0.5,False,False,True,False,False,rotational,False,True,True,False,False,696,0,outputs\onnx\task176.onnx,tried,F,symmetry_or_mirror_completion
task177,10x15;12x16;15x17,4x8;5x5;4x6,False,True,False,False,False,7,6,0.0,False,False,False,True,False,none,False,False,False,False,True,945,0,outputs\onnx\task177.onnx,tried,K,template_matching_or_finite_pattern
task178,3x3;3x3;3x5;4x2;6x4,3x1;1x3;1x4;3x1;4x1,False,True,False,True,False,6,6,0.0,False,True,False,True,False,both,False,False,False,True,False,3009,1.1016,outputs\onnx\task178.onnx,tried,C,panel_selection_or_algebra
task179,3x3;3x3;3x3;3x3,3x3;3x3;3x3;3x3,True,False,False,False,False,6,6,0.1667,False,False,False,True,False,none,False,False,False,False,False,0,0,outputs\onnx\task179.onnx,tried,D,line_completion_or_projection
task180,8x8;8x8;8x8;8x8;8x8,4x4;4x4;4x4;4x4;4x4,False,True,False,False,False,5,5,0.0,False,False,True,True,True,none,False,False,False,False,False,4658,1.5386,outputs\onnx\task180.onnx,tried,B,bbox_crop_or_object_extraction
task181,6x9;6x9;6x9,6x9;6x9;6x9,True,False,False,False,False,3,3,0.6667,False,False,True,False,True,none,False,True,False,False,True,672,0,outputs\onnx\task181.onnx,tried,E,hole_fill_or_enclosed_region
task182,20x20;20x20;20x20;20x20,20x20;20x20;20x20;20x20,True,False,False,False,False,5,5,0.8,False,False,True,False,True,none,False,False,False,False,True,2930,1.075,outputs\onnx\task182.onnx,tried,E,hole_fill_or_enclosed_region
task183,8x8;6x6;8x8,4x4;2x2;4x4,False,True,False,True,False,9,7,0.0,False,True,False,False,True,none,False,False,False,False,False,250,0,outputs\onnx\task183.onnx,tried,C,panel_selection_or_algebra
task184,20x20;18x22;23x17,2x2;2x3;3x2,False,True,False,False,False,8,7,0.0,False,False,True,False,True,none,False,False,False,False,False,250,0,outputs\onnx\task184.onnx,tried,B,bbox_crop_or_object_extraction
task185,29x29;27x27;29x29;27x27,3x3;3x3;3x3;3x3,False,True,False,True,False,7,6,0.0,False,True,False,True,True,none,False,False,False,False,False,595,0,outputs\onnx\task185.onnx,tried,C,panel_selection_or_algebra
task186,3x3;3x3;3x3;3x3;3x3;3x3;3x3;3x3;3x3;3x3,3x3;3x3;3x3;3x3;3x3;3x3;3x3;3x3;3x3;3x3,True,False,False,False,False,2,2,0.0,False,False,True,True,False,vertical,False,False,True,False,False,1994,0.6901,outputs\onnx\task186.onnx,tried,D,line_completion_or_projection
task187,23x23;22x25;24x21,23x23;22x25;24x21,True,False,False,True,False,4,5,0.75,False,True,False,True,True,none,False,True,True,False,False,1899,0.6413,outputs\onnx\task187.onnx,tried,A,same_shape_local_mask_or_recolor
task188,4x8;3x6;6x2,4x4;3x3;3x2,False,True,False,True,False,6,6,0.0,False,True,False,True,False,rotational,False,False,False,False,True,352,0,outputs\onnx\task188.onnx,tried,C,panel_selection_or_algebra
task189,9x9;9x9;9x9,6x6;6x6;6x6,False,True,False,True,False,8,6,0.0,False,True,True,False,True,none,False,False,False,False,False,1968,0.677,outputs\onnx\task189.onnx,tried,B,bbox_crop_or_object_extraction
task190,10x10;10x10;10x10,10x10;10x10;10x10,True,False,False,False,False,4,4,0.75,False,False,True,False,False,none,False,True,False,False,True,1538,0.4305,outputs\onnx\task190.onnx,tried,H,object_copy_or_marker_paste
task191,23x23;23x23;23x23;23x23,23x23;23x23;23x23;23x23,True,False,False,False,False,3,3,0.6667,False,False,True,False,False,none,False,True,False,False,True,773,0,outputs\onnx\task191.onnx,tried,H,object_copy_or_marker_paste
task192,13x14;13x16,13x14;13x16,True,False,False,False,False,5,3,0.6,False,False,True,False,False,none,False,True,False,False,True,327,0,outputs\onnx\task192.onnx,tried,H,object_copy_or_marker_paste
task193,13x13;17x17;7x7,13x13;17x17;7x7,True,False,False,False,False,4,4,0.25,False,False,True,False,False,none,False,True,False,False,True,327,0,outputs\onnx\task193.onnx,tried,H,object_copy_or_marker_paste
task194,3x3;3x3;3x3,6x6;6x6;6x6,False,False,True,True,True,6,6,0.0,False,True,False,False,True,both,False,False,False,False,True,9000,2.1972,outputs\onnx\task194.onnx,tried,C,panel_selection_or_algebra
task195,16x18;16x18;16x18,9x9;9x9;9x9,False,True,False,False,False,2,2,0.0,False,False,True,True,True,none,False,False,False,False,True,4073,1.4044,outputs\onnx\task195.onnx,tried,B,bbox_crop_or_object_extraction
task196,15x15;15x15;9x9,15x15;15x15;9x9,True,False,False,False,False,2,3,0.5,False,False,True,False,True,none,False,False,True,False,True,431,0,outputs\onnx\task196.onnx,tried,E,hole_fill_or_enclosed_region
task197,10x8;10x8;12x8;6x8,10x8;10x8;12x8;6x8,True,False,False,False,False,8,8,0.875,False,False,True,False,False,none,False,True,False,False,True,92,0,outputs\onnx\task197.onnx,tried,H,object_copy_or_marker_paste
task198,24x24;29x29;19x19,24x24;29x29;19x19,True,False,False,True,False,4,5,0.75,False,True,True,True,True,none,False,True,True,False,False,2799,1.0293,outputs\onnx\task198.onnx,tried,A,same_shape_local_mask_or_recolor
task199,3x3;5x5;9x9,3x3;5x5;9x9,True,False,False,False,False,4,5,0.75,False,False,False,False,False,both,False,True,True,False,False,378,0,outputs\onnx\task199.onnx,tried,A,same_shape_local_mask_or_recolor
task200,10x10;10x10;10x10,10x10;10x10;10x10,True,False,False,False,False,4,5,0.75,False,False,False,True,False,none,False,True,True,False,False,965,0,outputs\onnx\task200.onnx,tried,A,same_shape_local_mask_or_recolor
task201,13x13;13x13;13x13;13x13,6x8;7x8;4x6;5x6,False,True,False,False,False,7,7,0.0,False,False,True,False,True,none,False,False,False,False,True,3246,1.1774,outputs\onnx\task201.onnx,tried,B,bbox_crop_or_object_extraction
task202,15x19;14x13;13x15;14x15,15x19;14x13;13x15;14x15,True,False,False,True,False,7,7,0.1429,False,True,False,True,True,none,False,True,False,False,True,50,0,outputs\onnx\task202.onnx,tried,C,panel_selection_or_algebra
task203,12x12;6x6;8x8;10x10,12x12;6x6;8x8;10x10,True,False,False,False,False,8,8,0.5,True,False,False,True,False,both,False,False,False,False,True,3544,1.2653,outputs\onnx\task203.onnx,tried,D,line_completion_or_projection
task204,10x10;10x10;20x20;11x11;15x15,10x10;10x10;20x20;11x11;15x15,True,False,False,False,False,2,4,0.5,False,False,True,False,True,none,False,True,True,False,True,3202,1.1638,outputs\onnx\task204.onnx,tried,E,hole_fill_or_enclosed_region
task205,17x23;27x23;16x17,7x6;10x9;6x8,False,True,False,False,False,10,4,0.0,False,False,False,True,True,none,False,False,False,False,True,1114,0.108,outputs\onnx\task205.onnx,tried,K,template_matching_or_finite_pattern
task206,9x9;8x7;10x8,9x9;8x7;10x8,True,False,False,False,False,6,5,0.6667,False,False,True,False,False,none,False,True,False,False,True,1020,0.0198,outputs\onnx\task206.onnx,tried,H,object_copy_or_marker_paste
task207,5x5;5x5;5x5,2x2;2x2;2x2,False,True,False,False,False,4,4,0.0,False,False,True,True,False,none,False,False,False,False,False,307,0,outputs\onnx\task207.onnx,tried,B,bbox_crop_or_object_extraction
task208,21x21;21x21;21x21,21x21;21x21;21x21,True,False,False,False,False,6,6,0.1667,False,False,True,False,True,none,False,True,False,False,True,1806,0.5911,outputs\onnx\task208.onnx,tried,E,hole_fill_or_enclosed_region
task209,17x17;17x18;16x18,9x14;7x7;11x11,False,True,False,False,False,6,6,0.0,False,False,True,False,False,none,False,False,False,False,True,116524,4.7581,outputs\onnx\task209.onnx,tried,L,high_cost_representation_rewrite_candidate
task210,3x3;3x3;3x3,6x3;6x3;6x3,False,False,True,True,False,2,2,0.0,False,True,True,True,False,none,False,False,False,False,False,270,0,outputs\onnx\task210.onnx,tried,C,panel_selection_or_algebra
task211,3x2;3x2;3x2,9x4;9x4;9x4,False,False,True,True,False,4,4,0.0,False,True,True,True,False,vertical,False,False,False,False,True,9000,2.1972,outputs\onnx\task211.onnx,tried,C,panel_selection_or_algebra
task212,10x10;10x10,10x10;10x10,True,False,False,True,False,4,4,0.75,False,True,True,True,False,none,False,True,False,False,True,1321,0.2784,outputs\onnx\task212.onnx,tried,C,panel_selection_or_algebra
task213,18x15;12x10;12x12,6x6;3x3;4x4,False,True,False,True,False,8,6,0.0,False,True,True,True,False,none,False,False,False,False,False,660,0,outputs\onnx\task213.onnx,tried,B,bbox_crop_or_object_extraction
task214,3x11;3x11;3x11,3x11;3x11;3x11,True,False,False,True,False,9,8,0.8889,False,True,True,True,False,none,False,True,False,False,False,9000,2.1972,outputs\onnx\task214.onnx,tried,C,panel_selection_or_algebra
task215,15x19;10x12,15x19;10x12,True,False,False,True,False,3,3,0.6667,False,True,False,True,True,none,False,True,False,False,True,559,0,outputs\onnx\task215.onnx,tried,C,panel_selection_or_algebra
task216,20x20;20x20;20x20,5x6;9x9;5x17,False,True,False,False,False,3,2,0.0,False,False,True,True,False,none,False,False,False,False,True,888,0,outputs\onnx\task216.onnx,tried,B,bbox_crop_or_object_extraction
task217,9x9;9x9;9x9,9x9;9x9;9x9,True,False,False,False,False,4,4,0.75,False,False,True,False,True,none,False,True,False,False,True,5649,1.7315,outputs\onnx\task217.onnx,tried,E,hole_fill_or_enclosed_region
task218,21x21;21x21;21x21,3x3;2x2;3x2,False,True,False,False,False,8,7,0.0,False,False,False,True,False,none,False,False,False,False,False,328,0,outputs\onnx\task218.onnx,tried,B,crop_generic
task219,15x10;15x10;15x10,15x10;15x10;15x10,True,False,False,True,False,2,3,0.5,False,True,True,True,False,none,False,True,True,False,True,16894,2.827,outputs\onnx\task219.onnx,tried,C,panel_selection_or_algebra
task220,12x12;6x6;16x16;6x6,12x12;6x6;16x16;6x6,True,False,False,False,False,4,7,0.75,False,False,True,False,False,none,False,True,True,False,False,4500,1.5041,outputs\onnx\task220.onnx,tried,A,same_shape_local_mask_or_recolor
task221,3x3;3x3;3x3;3x3,12x12;15x15;9x9;18x18,False,False,True,False,True,5,5,0.0,False,False,True,False,True,horizontal,False,False,False,False,True,15246,2.7243,outputs\onnx\task221.onnx,tried,H,object_copy_or_marker_paste
task222,16x16;16x16;16x16,16x16;16x16;16x16,True,False,False,False,False,10,4,0.7,False,False,True,False,True,none,False,True,False,False,True,405,0,outputs\onnx\task222.onnx,tried,E,hole_fill_or_enclosed_region
task223,3x3;3x3,9x9;9x9,False,False,True,False,True,5,5,0.0,False,False,True,False,False,none,False,False,False,False,False,9000,2.1972,outputs\onnx\task223.onnx,tried,J,scale_repeat_or_kron
task224,12x13;15x13;15x14,12x13;15x13;15x14,True,False,False,False,False,5,5,0.8,False,False,True,False,True,none,False,True,False,False,True,1006,0.006,outputs\onnx\task224.onnx,tried,E,hole_fill_or_enclosed_region
task225,6x6;6x6;6x6,6x6;6x6;6x6,True,False,False,False,False,10,10,0.9,False,False,False,False,False,none,False,True,False,False,False,3168,1.1531,outputs\onnx\task225.onnx,tried,A,same_shape_translation_based
task226,10x10;10x10;10x10,10x10;10x10;10x10,True,False,False,True,False,2,5,0.5,False,True,False,True,True,horizontal,True,True,True,False,True,867,0,outputs\onnx\task226.onnx,tried,C,panel_selection_or_algebra
task227,8x4;8x4;8x4;8x4,4x4;4x4;4x4;4x4,False,True,False,True,False,3,2,0.0,False,True,True,False,True,none,False,False,True,False,False,339,0,outputs\onnx\task227.onnx,tried,B,bbox_crop_or_object_extraction
task228,10x10;10x10;10x10,10x10;10x10;10x10,True,False,False,False,False,10,10,0.8,False,False,False,False,True,none,False,False,False,False,True,562,0,outputs\onnx\task228.onnx,tried,E,hole_fill_or_enclosed_region
task229,3x3;3x3;3x3;3x3,3x3;3x3;3x3;3x3,True,False,False,True,False,5,4,0.6,False,True,False,True,False,vertical,False,False,True,False,False,357,0,outputs\onnx\task229.onnx,tried,A,same_shape_local_mask_or_recolor
task230,10x10;10x10;15x15,10x10;10x10;15x15,True,False,False,False,False,2,6,0.5,False,False,True,False,False,horizontal,False,True,True,False,True,4500,1.5041,outputs\onnx\task230.onnx,tried,F,symmetry_or_mirror_completion
task231,5x6;5x7;5x8,5x12;5x14;5x16,False,False,True,False,False,5,5,0.0,False,False,False,False,False,both,False,False,False,False,True,866,0,outputs\onnx\task231.onnx,tried,K,template_matching_or_finite_pattern
task232,10x8;10x12;7x8,10x8;10x12;7x8,True,False,False,False,False,5,6,0.8,False,False,True,False,False,vertical,False,True,True,False,False,389,0,outputs\onnx\task232.onnx,tried,A,same_shape_local_mask_or_recolor
task233,24x19;20x10;16x12,17x9;8x8;9x9,False,True,False,False,False,7,6,0.0,False,False,True,True,True,none,False,False,False,False,True,661410,6.4944,outputs\onnx\task233.onnx,tried,L,high_cost_representation_rewrite_candidate
task234,17x14;13x18;15x19,17x14;13x18;15x19,True,False,False,False,False,5,5,0.2,False,False,False,False,False,vertical,False,True,False,False,True,4347,1.4695,outputs\onnx\task234.onnx,tried,F,symmetry_or_mirror_completion
task235,4x14;4x14;4x14;4x14,3x3;3x3;3x3;3x3,False,True,False,True,False,2,4,0.0,False,True,True,True,True,horizontal,False,False,True,False,False,750,0,outputs\onnx\task235.onnx,tried,B,bbox_crop_or_object_extraction
task236,9x4;9x4;9x4;9x4,4x4;4x4;4x4;4x4,False,True,False,True,False,4,2,0.0,False,True,True,True,True,none,False,False,True,False,False,322,0,outputs\onnx\task236.onnx,tried,B,bbox_crop_or_object_extraction
task237,6x6;3x3;6x6;7x5,6x6;3x3;6x6;7x5,True,False,False,False,False,7,7,0.8571,False,False,True,False,False,both,False,True,False,False,False,317,0,outputs\onnx\task237.onnx,tried,F,symmetry_or_mirror_completion
task238,15x16;14x16;15x15,6x6;5x5;6x6,False,True,False,False,False,8,8,0.0,False,False,True,False,True,none,False,False,False,False,False,4527,1.5101,outputs\onnx\task238.onnx,tried,B,bbox_crop_or_object_extraction
task239,3x3;3x4;4x3;4x3,5x3;6x4;5x4;6x3,False,False,True,False,False,5,6,0.0,False,False,False,True,False,none,False,False,True,False,False,1284,0.25,outputs\onnx\task239.onnx,tried,I,color_role_remapping
task240,19x19;19x19;19x19,19x19;19x19;19x19,True,False,False,False,False,6,6,0.8333,False,False,True,False,False,none,False,True,False,False,True,582,0,outputs\onnx\task240.onnx,tried,H,object_copy_or_marker_paste
task241,3x3;4x4;5x5,3x3;4x4;5x5,True,False,False,False,False,8,8,0.875,False,False,True,False,False,none,False,False,False,False,True,0,0,outputs\onnx\task241.onnx,tried,H,object_copy_or_marker_paste
task242,16x16;16x16;16x16,3x3;3x3;3x3,False,True,False,False,False,10,8,0.0,False,False,False,True,True,none,False,False,False,False,False,324,0,outputs\onnx\task242.onnx,tried,B,crop_generic
task243,13x13;15x15;16x16,13x13;15x15;16x16,True,False,False,False,False,10,10,0.9,False,False,True,False,True,none,False,True,False,False,True,154,0,outputs\onnx\task243.onnx,tried,E,hole_fill_or_enclosed_region
task244,19x19;19x19;11x11,4x4;4x4;3x3,False,True,False,True,False,6,6,0.0,False,True,False,False,True,none,False,False,False,False,False,761,0,outputs\onnx\task244.onnx,tried,C,panel_selection_or_algebra
task245,7x7;9x9;9x10;9x8,7x7;9x9;9x10;9x8,True,False,False,False,False,3,3,0.3333,False,False,True,False,True,none,False,False,False,False,True,2537,0.931,outputs\onnx\task245.onnx,tried,E,hole_fill_or_enclosed_region
task246,15x15;10x16;12x14,15x15;10x16;12x14,True,False,False,False,False,3,4,0.6667,False,False,True,False,False,none,False,True,True,False,False,1079,0.076,outputs\onnx\task246.onnx,tried,A,same_shape_local_mask_or_recolor
task247,10x10;10x10;10x10;10x10;10x10;10x10,5x3;9x2;5x1;3x1;3x2;3x3,False,True,False,False,False,9,7,0.0,False,False,True,True,False,none,False,False,False,True,False,241,0,outputs\onnx\task247.onnx,tried,B,bbox_crop_or_object_extraction
task248,10x2;10x3;10x4,10x2;10x3;10x4,True,False,False,False,False,2,2,0.5,False,False,False,False,False,none,False,True,False,False,True,270,0,outputs\onnx\task248.onnx,tried,K,template_matching_or_finite_pattern
task249,3x3;4x3;4x4,3x6;4x6;4x8,False,False,True,False,False,7,7,0.0,False,False,False,False,False,none,False,False,False,False,True,1699,0.53,outputs\onnx\task249.onnx,tried,K,template_matching_or_finite_pattern
task250,10x10;10x10,10x10;10x10,True,False,False,False,False,3,3,0.6667,False,False,True,False,False,none,False,False,False,False,True,1354,0.3031,outputs\onnx\task250.onnx,tried,H,object_copy_or_marker_paste
task251,8x8;8x8;12x12,8x8;8x8;12x12,True,False,False,True,False,2,3,0.5,False,True,True,True,True,none,False,True,True,False,True,2871,1.0547,outputs\onnx\task251.onnx,tried,C,panel_selection_or_algebra
task252,3x3;8x8;6x6,3x3;8x8;6x6,True,False,False,False,False,4,5,0.25,False,False,True,False,False,rotational,False,False,True,False,True,2570,0.9439,outputs\onnx\task252.onnx,tried,F,symmetry_or_mirror_completion
task253,13x13;13x13,4x4;4x4,False,True,False,False,False,6,6,0.0,False,False,True,False,True,none,False,False,False,False,False,2407,0.8784,outputs\onnx\task253.onnx,tried,B,bbox_crop_or_object_extraction
task254,9x9;9x9,9x9;9x9,True,False,False,True,False,2,3,0.5,False,True,True,True,False,none,False,True,True,False,False,1086,0.0825,outputs\onnx\task254.onnx,tried,C,panel_selection_or_algebra
task255,30x30;30x30;30x30,30x30;30x30;30x30,True,False,False,False,False,4,5,0.75,False,False,True,True,True,none,False,True,True,False,True,58680,4.0721,outputs\onnx\task255.onnx,tried,A,same_shape_local_mask_or_recolor
task256,7x7;8x9;7x9,7x7;8x9;7x9,True,False,False,False,False,2,4,0.5,False,False,False,False,False,vertical,False,True,True,False,False,6313,1.8426,outputs\onnx\task256.onnx,tried,F,symmetry_or_mirror_completion
task257,9x9;9x9;9x9;9x9;9x9;9x9,4x4;4x4;4x4;4x4;4x4;4x4,False,True,False,True,False,6,5,0.0,False,True,True,True,True,none,False,False,False,False,True,409,0,outputs\onnx\task257.onnx,tried,B,bbox_crop_or_object_extraction
task258,5x5;10x10;10x10,5x5;10x10;10x10,True,False,False,False,False,2,3,0.5,False,False,True,False,False,none,False,True,True,False,True,4550,1.5151,outputs\onnx\task258.onnx,tried,H,object_copy_or_marker_paste
task259,5x7;7x7;7x6,3x3;2x3;3x2,False,True,False,True,False,5,5,0.0,True,True,False,True,False,none,False,False,True,False,False,382,0,outputs\onnx\task259.onnx,tried,B,bbox_crop_or_object_extraction
task260,10x10;10x10;10x10,10x10;10x10;10x10,True,False,False,False,False,5,4,0.8,False,False,True,False,False,none,False,True,False,False,True,778,0,outputs\onnx\task260.onnx,tried,H,object_copy_or_marker_paste
task261,5x5;3x3;5x5,5x5;3x3;5x5,True,False,False,False,False,2,2,0.0,False,False,False,False,False,horizontal,False,False,True,False,False,1000,0,outputs\onnx\task261.onnx,tried,F,symmetry_or_mirror_completion
task262,3x3;3x3;3x3;3x3,3x3;3x3;3x3;3x3,True,False,False,False,False,2,3,0.0,False,False,True,True,False,vertical,False,True,True,False,False,253,0,outputs\onnx\task262.onnx,tried,D,line_completion_or_projection
task263,9x3;3x12;3x15;12x3,3x3;3x3;3x3;3x3,False,True,False,True,False,8,4,0.0,False,True,True,True,True,none,False,False,False,False,False,456,0,outputs\onnx\task263.onnx,tried,B,bbox_crop_or_object_extraction
task264,14x14;16x14,9x9;9x9,False,True,False,False,False,10,9,0.0,False,False,True,True,False,none,False,False,False,False,True,3234,1.1737,outputs\onnx\task264.onnx,tried,B,bbox_crop_or_object_extraction
task265,18x18;18x18;18x18,18x18;18x18;18x18,True,False,False,False,False,2,3,0.5,False,False,True,False,True,none,False,True,True,False,True,513,0,outputs\onnx\task265.onnx,tried,E,hole_fill_or_enclosed_region
task266,3x5;3x5;3x5;3x5,3x5;3x5;3x5;3x5,True,False,False,False,False,2,5,0.5,False,False,False,False,False,horizontal,False,False,True,False,False,4550,1.5151,outputs\onnx\task266.onnx,tried,F,symmetry_or_mirror_completion
task267,7x7;7x7,7x7;7x7,True,False,False,False,False,5,3,1.0,False,False,True,False,False,none,False,True,False,False,True,591,0,outputs\onnx\task267.onnx,tried,H,object_copy_or_marker_paste
task268,7x7;9x9;6x6,7x7;9x9;6x6,True,False,False,False,False,4,5,0.75,False,False,False,True,False,horizontal,False,True,True,False,True,791,0,outputs\onnx\task268.onnx,tried,A,same_shape_local_mask_or_recolor
task269,3x3;3x3;3x3,6x6;9x9;15x15,False,False,True,False,True,8,8,0.0,False,False,True,False,True,none,False,False,False,False,False,568,0,outputs\onnx\task269.onnx,tried,J,scale_repeat_or_kron
task270,15x15;15x15;15x15,15x15;15x15;15x15,True,False,False,False,False,5,5,0.8,False,False,True,False,False,none,False,False,False,False,True,2660,0.9783,outputs\onnx\task270.onnx,tried,H,object_copy_or_marker_paste
task271,9x9;9x9;9x9;9x9,3x3;3x3;3x3;3x3,False,True,False,False,False,3,2,0.0,False,False,True,True,False,none,False,False,False,False,False,439,0,outputs\onnx\task271.onnx,tried,B,bbox_crop_or_object_extraction
task272,3x3;4x4;5x4;3x3,3x3;4x4;5x4;3x3,True,False,False,False,False,2,3,0.5,False,False,True,False,True,none,False,False,True,False,True,4550,1.5151,outputs\onnx\task272.onnx,tried,E,hole_fill_or_enclosed_region
task273,10x10;10x10;10x10,10x10;10x10;10x10,True,False,False,False,False,2,3,0.5,False,False,True,False,False,none,True,True,True,False,True,270,0,outputs\onnx\task273.onnx,tried,G,periodic_extension_or_tiling
task274,6x6;9x9;9x9;9x9;5x6;7x7,3x3;3x3;3x3;3x3;3x3;3x3,False,True,False,False,False,3,2,0.0,False,False,False,True,False,horizontal,False,False,False,False,False,2057,0.7212,outputs\onnx\task274.onnx,tried,B,crop_generic
task275,3x6;3x6;4x8,9x9;9x9;16x16,False,False,True,True,False,6,5,0.0,False,True,True,False,True,none,False,False,False,False,True,8736,2.1675,outputs\onnx\task275.onnx,tried,C,panel_selection_or_algebra
task276,3x4;6x4;3x6,3x4;6x4;3x6,True,False,False,False,False,2,2,1.0,False,False,False,False,False,none,False,False,True,False,False,90,0,outputs\onnx\task276.onnx,tried,A,same_shape_local_mask_or_recolor
task277,10x10;10x10;10x10,10x10;10x10;10x10,True,False,False,False,False,2,3,0.5,False,False,True,False,True,none,False,False,True,False,False,29850,3.3962,outputs\onnx\task277.onnx,tried,E,hole_fill_or_enclosed_region
task278,15x18;15x16,15x18;15x16,True,False,False,False,False,2,3,0.5,False,False,True,False,False,none,False,True,True,False,True,1923,0.6539,outputs\onnx\task278.onnx,tried,H,object_copy_or_marker_paste
task279,9x11;12x11;12x13;14x15,9x11;12x11;12x13;14x15,True,False,False,True,False,2,3,0.5,True,True,False,True,False,none,False,False,True,False,True,1510,0.4121,outputs\onnx\task279.onnx,tried,C,panel_selection_or_algebra
task280,10x10;20x20;20x20;20x20,10x10;20x20;20x20;20x20,True,False,False,False,False,3,3,0.6667,False,False,True,True,False,none,False,True,False,False,True,396,0,outputs\onnx\task280.onnx,tried,D,line_completion_or_projection
task281,11x11;11x11;13x12,11x11;11x11;13x12,True,False,False,False,False,6,5,0.1667,False,False,True,False,False,none,False,True,False,False,True,2499,0.9159,outputs\onnx\task281.onnx,tried,H,object_copy_or_marker_paste
task282,9x9;9x9,9x9;9x9,True,False,False,False,False,2,3,0.5,False,False,True,False,True,none,False,True,True,False,True,4500,1.5041,outputs\onnx\task282.onnx,tried,E,hole_fill_or_enclosed_region
task283,10x10;10x10,10x10;10x10,True,False,False,False,False,2,4,0.5,False,False,True,False,False,none,False,False,True,False,False,4550,1.5151,outputs\onnx\task283.onnx,tried,A,same_shape_with_recolor
task284,14x10;10x13;10x18,14x10;10x13;10x18,True,False,False,False,False,6,6,0.8333,False,False,True,False,True,none,False,True,False,False,True,19017,2.9453,outputs\onnx\task284.onnx,tried,E,hole_fill_or_enclosed_region
task285,30x30;20x20;14x14,30x30;20x20;14x14,True,False,False,False,False,8,8,0.875,False,False,True,False,True,none,False,True,False,False,True,10215,2.3239,outputs\onnx\task285.onnx,tried,E,hole_fill_or_enclosed_region
task286,11x24;13x14,11x24;13x14,True,False,False,False,False,6,6,0.8333,False,False,True,False,True,none,False,True,False,False,True,4145,1.4219,outputs\onnx\task286.onnx,tried,E,hole_fill_or_enclosed_region
task287,16x16;16x16;16x16;16x16,16x16;16x16;16x16;16x16,True,False,False,False,False,9,8,0.8889,False,False,False,False,False,none,False,False,False,False,True,247,0,outputs\onnx\task287.onnx,tried,K,template_matching_or_finite_pattern
task288,3x3;5x5;5x5;7x7,3x3;5x5;5x5;7x7,True,False,False,False,False,7,7,0.8571,False,False,False,False,False,horizontal,False,True,False,False,True,353,0,outputs\onnx\task288.onnx,tried,F,symmetry_or_mirror_completion
task289,3x3;3x3;3x3;3x3;3x3,6x6;6x6;9x9;9x9;12x12,False,False,True,False,True,9,9,0.0,False,False,True,False,False,none,False,False,False,False,True,520,0,outputs\onnx\task289.onnx,tried,H,object_copy_or_marker_paste
task290,12x13;12x11;12x13,4x4;3x3;5x5,False,True,False,False,False,6,5,0.0,False,False,False,True,False,horizontal,False,False,False,False,False,35612,3.5727,outputs\onnx\task290.onnx,tried,B,crop_generic
task291,15x13;15x17;16x17,1x1;1x1;1x1,False,True,False,False,False,9,3,0.0,False,False,True,True,True,none,False,False,False,False,False,4731,1.5541,outputs\onnx\task291.onnx,tried,B,bbox_crop_or_object_extraction
task292,3x10;3x11;3x11;3x13;3x14,3x10;3x11;3x11;3x13;3x14,True,False,False,True,False,2,3,0.5,False,True,False,False,False,horizontal,False,False,True,False,False,621,0,outputs\onnx\task292.onnx,tried,C,panel_selection_or_algebra
task293,13x13;7x9;8x7;8x6,13x13;7x9;8x7;8x6,True,False,False,True,False,7,7,0.4286,False,True,False,True,False,vertical,False,False,False,False,True,4377,1.4764,outputs\onnx\task293.onnx,tried,C,panel_selection_or_algebra
task294,10x10;10x10,10x10;10x10,True,False,False,False,False,2,3,0.5,False,False,True,False,False,none,False,False,True,False,True,4550,1.5151,outputs\onnx\task294.onnx,tried,H,object_copy_or_marker_paste
task295,1x6;1x8;1x10;1x6;1x6,3x6;4x8;5x10;3x6;3x6,False,False,True,True,False,6,6,0.0,False,True,False,True,False,vertical,False,False,False,False,False,389,0,outputs\onnx\task295.onnx,tried,C,panel_selection_or_algebra
task296,5x7;5x7;5x7;5x7;5x7,3x3;3x3;3x3;3x3;3x3,False,True,False,False,False,5,5,0.0,False,False,True,True,False,both,False,False,False,False,False,1877,0.6297,outputs\onnx\task296.onnx,tried,B,bbox_crop_or_object_extraction
task297,8x3;10x4;6x2,8x3;10x4;6x2,True,False,False,True,False,7,6,0.8571,False,True,False,True,False,none,False,True,False,False,False,364,0,outputs\onnx\task297.onnx,tried,C,panel_selection_or_algebra
task298,6x6;6x6;8x8,6x6;6x6;8x8,True,False,False,False,False,7,7,0.8571,True,False,True,True,True,both,False,True,False,False,True,2786,1.0246,outputs\onnx\task298.onnx,tried,D,line_completion_or_projection
task299,6x6;6x6,6x6;6x6,True,False,False,False,False,3,4,0.6667,False,False,True,False,False,none,False,True,True,False,True,414,0,outputs\onnx\task299.onnx,tried,A,same_shape_local_mask_or_recolor
task300,7x13;5x10;6x11;7x9,4x3;3x2;4x3;3x3,False,True,False,False,False,8,4,0.0,False,False,True,True,False,none,False,False,False,False,False,1113,0.1071,outputs\onnx\task300.onnx,tried,B,bbox_crop_or_object_extraction
task301,10x7;7x4;3x3,10x7;7x4;3x3,True,False,False,False,False,8,8,0.375,False,False,True,True,False,none,False,False,False,False,False,16567,2.8074,outputs\onnx\task301.onnx,tried,D,line_completion_or_projection
task302,12x12;12x12;12x12,12x12;12x12;12x12,True,False,False,False,False,2,5,0.5,False,False,True,False,True,none,False,True,True,False,True,257,0,outputs\onnx\task302.onnx,tried,E,hole_fill_or_enclosed_region
task303,12x19;12x14;17x15,12x19;12x14;17x15,True,False,False,False,False,4,5,0.75,False,False,True,True,True,none,False,True,True,False,True,1550,0.4383,outputs\onnx\task303.onnx,tried,A,same_shape_local_mask_or_recolor
task304,3x3;3x3;3x3,9x9;9x9;9x9,False,False,True,False,True,6,7,0.0,False,False,False,True,False,none,False,False,True,False,True,538,0,outputs\onnx\task304.onnx,tried,I,color_role_remapping
task305,16x16;16x16;16x16,16x16;16x16;16x16,True,False,False,False,False,8,7,0.875,False,False,False,False,True,none,False,True,False,False,True,1452,0.3729,outputs\onnx\task305.onnx,tried,E,hole_fill_or_enclosed_region
task306,19x19;19x9,19x19;19x9,True,False,False,True,False,8,8,0.875,False,True,True,True,False,none,False,True,False,False,True,610,0,outputs\onnx\task306.onnx,tried,C,panel_selection_or_algebra
task307,3x3;2x2;4x4,6x6;4x4;8x8,False,False,True,True,True,5,5,0.0,False,True,False,True,False,none,False,False,False,False,True,9000,2.1972,outputs\onnx\task307.onnx,tried,C,panel_selection_or_algebra
task308,12x11;10x8;12x14,5x5;3x3;5x5,False,True,False,True,False,6,6,0.0,True,True,False,True,False,none,False,False,False,False,True,978,0,outputs\onnx\task308.onnx,tried,B,bbox_crop_or_object_extraction
task309,3x6;3x4;3x5,3x6;3x4;3x5,True,False,False,True,False,3,3,1.0,False,True,False,True,False,none,False,False,True,False,False,90,0,outputs\onnx\task309.onnx,tried,A,same_shape_local_mask_or_recolor
task310,24x24;26x26;28x28,7x7;7x7;7x7,False,True,False,True,False,8,7,0.0,False,True,False,True,True,none,False,False,False,False,True,2553,0.9373,outputs\onnx\task310.onnx,tried,C,panel_selection_or_algebra
task311,3x3;3x3;3x3,3x6;3x6;3x6,False,False,True,False,False,2,2,0.0,False,False,True,False,False,vertical,False,False,False,False,False,270,0,outputs\onnx\task311.onnx,tried,J,expand_generic
task312,12x12;12x12,12x12;12x12,True,False,False,False,False,6,5,0.8333,False,False,True,False,False,none,False,False,False,False,True,171,0,outputs\onnx\task312.onnx,tried,H,object_copy_or_marker_paste
task313,11x11;8x8;6x6,11x11;8x8;6x6,True,False,False,True,False,6,5,0.5,False,True,False,False,False,none,False,False,False,False,True,40857,3.7101,outputs\onnx\task313.onnx,tried,C,panel_selection_or_algebra
task314,8x8;8x8;8x8,8x8;8x8;8x8,True,False,False,False,False,6,6,0.8333,False,False,True,False,False,none,False,False,False,False,True,1558,0.4434,outputs\onnx\task314.onnx,tried,H,object_copy_or_marker_paste
task315,3x3;3x3;3x3,9x9;9x9;9x9,False,False,True,False,True,3,3,0.0,False,False,True,False,False,none,False,False,False,False,True,551,0,outputs\onnx\task315.onnx,tried,H,object_copy_or_marker_paste
task316,10x10;10x10;10x10,3x3;3x3;3x3,False,True,False,False,False,10,10,0.0,False,False,True,False,False,none,False,False,False,False,False,276,0,outputs\onnx\task316.onnx,tried,B,bbox_crop_or_object_extraction
task317,9x9;9x9,9x9;9x9,True,False,False,False,False,2,2,0.5,False,False,True,True,False,rotational,False,True,True,False,False,4500,1.5041,outputs\onnx\task317.onnx,tried,D,line_completion_or_projection
task318,9x4;9x4;9x4;9x4,4x4;4x4;4x4;4x4,False,True,False,True,False,4,2,0.0,False,True,True,True,True,none,False,False,True,False,False,322,0,outputs\onnx\task318.onnx,tried,B,bbox_crop_or_object_extraction
task319,17x17;18x18;19x17;15x17,5x5;5x3;5x3;3x5,False,True,False,True,False,6,5,0.0,False,True,False,True,False,none,False,False,False,False,True,26814,3.2889,outputs\onnx\task319.onnx,tried,C,panel_selection_or_algebra
task320,7x9;8x9;9x9,7x9;8x9;9x9,True,False,False,False,False,2,3,0.5,False,False,True,False,False,none,False,False,True,False,True,565,0,outputs\onnx\task320.onnx,tried,H,object_copy_or_marker_paste
task321,4x14;4x14;4x14;4x14;4x14,4x4;4x4;4x4;4x4;4x4,False,True,False,True,False,5,4,0.0,False,True,True,True,True,none,False,False,False,False,True,731,0,outputs\onnx\task321.onnx,tried,B,bbox_crop_or_object_extraction
task322,3x3;3x3;3x3,3x3;3x3;3x3,True,False,False,False,False,7,7,0.8571,False,False,True,True,False,none,False,True,False,False,False,185,0,outputs\onnx\task322.onnx,tried,D,line_completion_or_projection
task323,13x13;13x13,13x13;13x13,True,False,False,False,False,2,3,0.5,False,False,False,False,False,horizontal,False,True,True,False,False,1199,0.1815,outputs\onnx\task323.onnx,tried,F,symmetry_or_mirror_completion
task324,19x12;12x14;15x15,19x12;12x14;15x15,True,False,False,True,False,6,6,0.1667,False,True,False,False,False,none,False,False,False,False,True,18223,2.9027,outputs\onnx\task324.onnx,tried,C,panel_selection_or_algebra
task325,16x10;12x12;8x12,4x4;3x3;2x2,False,True,False,False,False,2,2,0.0,False,False,True,False,False,none,False,False,False,False,True,3996,1.3853,outputs\onnx\task325.onnx,tried,B,bbox_crop_or_object_extraction
task326,6x6;8x8;12x6,2x2;2x2;2x2,False,True,False,False,False,7,7,0.0,False,False,False,True,True,none,False,False,False,False,False,54,0,outputs\onnx\task326.onnx,tried,B,crop_generic
task327,3x3;3x3;3x3,6x6;6x6;6x6,False,False,True,False,True,7,7,0.0,False,False,True,False,True,none,False,False,False,False,True,200,0,outputs\onnx\task327.onnx,tried,H,object_copy_or_marker_paste
task328,10x10;12x12;13x13;7x7,10x10;12x12;13x13;7x7,True,False,False,False,False,6,6,0.8333,False,False,True,False,False,none,False,True,False,False,True,9300,2.23,outputs\onnx\task328.onnx,tried,H,object_copy_or_marker_paste
task329,3x3;5x5;5x5,3x3;5x5;5x5,True,False,False,False,False,10,6,0.6,False,False,True,False,False,none,False,True,False,False,False,326,0,outputs\onnx\task329.onnx,tried,A,same_shape_translation_based
task330,10x10;10x10;10x10,10x10;10x10;10x10,True,False,False,False,False,2,3,0.5,False,False,True,False,False,none,False,False,True,False,False,6049,1.7999,outputs\onnx\task330.onnx,tried,A,same_shape_with_recolor
task331,10x10;10x10,10x10;10x10,True,False,False,False,False,2,6,0.5,False,False,True,False,False,none,False,True,True,False,False,4550,1.5151,outputs\onnx\task331.onnx,tried,A,same_shape_translation_based
task332,3x10;3x12;3x13;3x14,3x10;3x12;3x13;3x14,True,False,False,False,False,2,3,0.5,False,False,True,False,False,none,False,False,True,False,False,1398,0.335,outputs\onnx\task332.onnx,tried,A,same_shape_with_recolor
task333,10x10;10x10;10x10,10x10;10x10;10x10,True,False,False,False,False,6,6,0.8333,False,False,True,False,False,none,False,True,False,False,True,393,0,outputs\onnx\task333.onnx,tried,H,object_copy_or_marker_paste
task334,5x5;5x5;5x5;5x5;5x5;5x5;5x5,3x3;3x3;3x3;3x3;3x3;3x3;3x3,False,True,False,False,False,4,2,0.0,False,False,True,True,True,none,False,False,True,False,False,1553,0.4402,outputs\onnx\task334.onnx,tried,B,bbox_crop_or_object_extraction
task335,10x12;8x11;12x11,10x12;8x11;12x11,True,False,False,False,False,3,4,0.6667,False,False,True,False,False,none,False,True,True,False,False,694,0,outputs\onnx\task335.onnx,tried,A,same_shape_local_mask_or_recolor
task336,10x10;10x10,10x10;10x10,True,False,False,False,False,2,3,0.5,False,False,False,False,False,none,False,True,True,False,True,505,0,outputs\onnx\task336.onnx,tried,K,template_matching_or_finite_pattern
task337,5x5;3x3;3x3,5x5;3x3;3x3,True,False,False,False,False,9,9,1.0,False,False,False,False,False,none,False,False,False,False,False,90,0,outputs\onnx\task337.onnx,tried,A,same_shape_generic
task338,10x10;10x10;15x15,10x10;10x10;15x15,True,False,False,False,False,2,2,0.5,False,False,True,False,True,none,False,True,True,False,False,3335,1.2045,outputs\onnx\task338.onnx,tried,E,hole_fill_or_enclosed_region
task339,3x3;3x3;3x3;3x3,1x2;1x3;1x1;1x4,False,True,False,False,False,5,4,0.0,False,False,True,True,False,horizontal,False,False,False,True,False,636,0,outputs\onnx\task339.onnx,tried,B,bbox_crop_or_object_extraction
task340,10x15;12x12;14x11,10x15;12x12;14x11,True,False,False,False,False,8,8,0.0,False,False,True,False,True,none,False,True,False,False,True,949,0,outputs\onnx\task340.onnx,tried,E,hole_fill_or_enclosed_region
task341,10x10;10x10;10x10,10x10;10x10;10x10,True,False,False,False,False,7,8,0.8571,False,False,True,False,False,none,False,True,True,False,True,2549,0.9357,outputs\onnx\task341.onnx,tried,A,same_shape_local_mask_or_recolor
task342,10x10;10x10;10x10,10x10;10x10;10x10,True,False,False,False,False,10,9,0.9,False,False,True,False,False,none,False,True,False,False,False,1258,0.2295,outputs\onnx\task342.onnx,tried,A,same_shape_translation_based
task343,5x15;5x15;5x15,5x15;5x15;5x15,True,False,False,False,False,5,5,0.8,False,False,False,False,False,none,False,True,False,False,True,2597,0.9544,outputs\onnx\task343.onnx,tried,K,template_matching_or_finite_pattern
task344,3x3;7x6;7x7,3x3;7x6;7x7,True,False,False,False,False,4,5,0.5,False,False,True,False,False,none,False,True,True,False,True,12550,2.5297,outputs\onnx\task344.onnx,tried,H,object_copy_or_marker_paste
task345,10x10;10x10,10x10;10x10,True,False,False,False,False,3,3,0.6667,False,False,True,True,False,none,False,True,False,False,True,4741,1.5562,outputs\onnx\task345.onnx,tried,D,line_completion_or_projection
task346,5x9;7x9;11x9;11x12,1x1;1x1;1x1;1x1,False,True,False,False,False,6,3,0.0,False,False,True,True,False,none,False,False,False,False,False,641,0,outputs\onnx\task346.onnx,tried,B,bbox_crop_or_object_extraction
task347,3x6;3x6;3x6;3x6;3x6,3x3;3x3;3x3;3x3;3x3,False,True,False,True,False,3,2,0.0,False,True,True,True,False,none,False,False,True,False,False,339,0,outputs\onnx\task347.onnx,tried,B,bbox_crop_or_object_extraction
task348,5x7;7x8,5x7;7x8,True,False,False,False,False,2,3,0.5,False,False,False,False,False,horizontal,False,True,True,False,True,463,0,outputs\onnx\task348.onnx,tried,F,symmetry_or_mirror_completion
task349,10x10;15x15;20x20;20x20,10x10;15x15;20x20;20x20,True,False,False,False,False,2,4,0.5,False,False,True,False,False,none,False,True,True,False,True,258,0,outputs\onnx\task349.onnx,tried,H,object_copy_or_marker_paste
task350,10x9;10x11;12x12;8x9,10x9;10x11;12x12;8x9,True,False,False,False,False,2,3,0.5,False,False,True,False,True,none,False,True,True,False,True,1473,0.3873,outputs\onnx\task350.onnx,tried,E,hole_fill_or_enclosed_region
task351,16x16;16x16;16x16,5x5;5x5;5x5,False,True,False,False,False,9,7,0.0,False,False,False,True,False,none,False,False,False,False,True,354,0,outputs\onnx\task351.onnx,tried,K,template_matching_or_finite_pattern
task352,5x5;8x8;4x5,5x5;8x8;4x5,True,False,False,False,False,5,6,0.8,False,False,True,False,False,none,False,True,True,False,False,234,0,outputs\onnx\task352.onnx,tried,A,same_shape_local_mask_or_recolor
task353,3x3;5x3;5x5;7x7;10x10;11x11;3x3,3x3;5x3;5x5;7x7;10x10;11x11;3x3,True,False,False,False,False,3,3,0.6667,False,False,True,False,False,vertical,False,False,False,False,False,745,0,outputs\onnx\task353.onnx,tried,F,symmetry_or_mirror_completion
task354,10x10;10x10;10x10,10x10;10x10;10x10,True,False,False,False,False,8,7,0.875,False,False,True,False,False,none,False,False,False,False,True,1335,0.2889,outputs\onnx\task354.onnx,tried,H,object_copy_or_marker_paste
task355,17x13;16x15;16x17;16x19,1x1;1x1;1x1;1x1,False,True,False,True,False,8,4,0.0,False,True,True,True,False,none,False,False,False,False,False,1057,0.0554,outputs\onnx\task355.onnx,tried,B,bbox_crop_or_object_extraction
task356,10x10;10x10;10x10,10x10;10x10;10x10,True,False,False,False,False,2,2,0.5,False,False,True,False,False,none,False,True,False,False,True,394,0,outputs\onnx\task356.onnx,tried,H,object_copy_or_marker_paste
task357,10x2;10x3;10x4,10x2;10x3;10x4,True,False,False,False,False,2,2,0.5,False,False,False,False,False,none,False,True,True,False,False,270,0,outputs\onnx\task357.onnx,tried,A,same_shape_translation_based
task358,12x11;15x14,12x11;15x14,True,False,False,False,False,5,5,0.8,False,False,False,False,False,none,False,True,False,False,True,1446,0.3688,outputs\onnx\task358.onnx,tried,K,template_matching_or_finite_pattern
task359,13x17;13x14;15x14,13x17;13x14;15x14,True,False,False,True,False,9,5,0.0,False,True,False,True,False,none,False,False,False,False,True,840,0,outputs\onnx\task359.onnx,tried,C,panel_selection_or_algebra
task360,10x9;10x9;10x9,10x4;10x4;10x4,False,True,False,True,False,8,7,0.0,False,True,True,False,True,none,False,False,False,False,True,320,0,outputs\onnx\task360.onnx,tried,B,bbox_crop_or_object_extraction
task361,10x10;10x10;10x10,10x10;10x10;10x10,True,False,False,False,False,7,7,0.8571,False,False,True,False,False,none,False,True,False,False,True,2337,0.8489,outputs\onnx\task361.onnx,tried,H,object_copy_or_marker_paste
task362,10x10;10x10;10x10;10x10,10x10;10x10;10x10;10x10,True,False,False,True,False,6,5,0.1667,False,True,True,True,False,none,False,True,False,False,True,804,0,outputs\onnx\task362.onnx,tried,C,panel_selection_or_algebra
task363,10x10;10x10;10x10,10x10;10x10;10x10,True,False,False,False,False,3,3,0.6667,False,False,True,False,True,none,False,True,False,False,True,193391,5.2647,outputs\onnx\task363.onnx,tried,L,high_cost_representation_rewrite_candidate
task364,19x21;10x11;14x12,19x21;10x11;14x12,True,False,False,False,False,2,4,0.5,False,False,True,False,False,none,False,False,True,False,False,1095,0.0908,outputs\onnx\task364.onnx,tried,A,same_shape_with_recolor
task365,10x10;10x10;10x10,5x4;3x3;6x4,False,True,False,False,False,4,3,0.0,False,False,True,True,False,none,False,False,False,False,True,627,0,outputs\onnx\task365.onnx,tried,B,bbox_crop_or_object_extraction
task366,30x17;11x20;10x16,15x17;11x10;10x8,False,True,False,True,False,7,7,0.0,False,True,True,True,False,none,False,False,False,False,True,260211,5.5615,outputs\onnx\task366.onnx,tried,L,high_cost_representation_rewrite_candidate
task367,12x19;13x16;15x17,12x19;13x16;15x17,True,False,False,False,False,2,3,0.5,False,False,False,False,True,none,False,True,True,False,True,219324,5.3906,outputs\onnx\task367.onnx,tried,L,high_cost_representation_rewrite_candidate
task368,10x10;10x10,10x10;10x10,True,False,False,False,False,6,5,0.8333,False,False,True,False,False,none,False,False,False,False,True,511,0,outputs\onnx\task368.onnx,tried,H,object_copy_or_marker_paste
task369,10x10;10x10;10x10,10x10;10x10;10x10,True,False,False,True,False,2,4,0.5,False,True,True,True,True,none,False,True,True,False,True,2717,0.9995,outputs\onnx\task369.onnx,tried,C,panel_selection_or_algebra
task370,12x14;13x15;12x16,12x14;13x15;12x16,True,False,False,True,False,6,6,0.5,True,True,True,True,True,none,False,False,False,False,True,5221,1.6527,outputs\onnx\task370.onnx,tried,C,panel_selection_or_algebra
task371,10x10;10x10,10x10;10x10,True,False,False,False,False,2,3,0.5,False,False,True,False,False,none,False,True,True,False,True,557,0,outputs\onnx\task371.onnx,tried,H,object_copy_or_marker_paste
task372,11x11;11x11;11x11,5x11;5x11;5x11,False,True,False,True,False,7,6,0.0,False,True,True,False,False,horizontal,False,False,False,False,True,270,0,outputs\onnx\task372.onnx,tried,B,bbox_crop_or_object_extraction
task373,2x6;2x6,2x6;2x6,True,False,False,False,False,4,4,0.0,False,False,False,False,False,horizontal,False,False,False,False,False,239,0,outputs\onnx\task373.onnx,tried,F,symmetry_or_mirror_completion
task374,10x10;10x10;10x10;10x10,10x10;10x10;10x10;10x10,True,False,False,False,False,2,4,0.5,False,False,True,False,False,none,False,False,True,False,False,2091,0.7376,outputs\onnx\task374.onnx,tried,A,same_shape_with_recolor
task375,3x3;5x5;7x7,3x3;5x5;7x7,True,False,False,True,False,4,4,0.25,False,True,False,False,True,both,False,True,False,False,True,367,0,outputs\onnx\task375.onnx,tried,C,panel_selection_or_algebra
task376,3x17;4x17,9x17;13x17,False,False,True,False,False,3,3,0.0,False,False,True,False,True,horizontal,False,False,False,False,True,343,0,outputs\onnx\task376.onnx,tried,H,object_copy_or_marker_paste
task377,23x27;22x25;21x22,5x5;3x3;7x7,False,True,False,True,False,6,6,0.0,True,True,False,True,False,none,False,False,False,False,True,7019,1.9486,outputs\onnx\task377.onnx,tried,B,bbox_crop_or_object_extraction
task378,6x6;8x8;9x9;12x12,6x6;8x8;9x9;12x12,True,False,False,False,False,8,8,0.875,False,False,True,False,False,none,False,True,False,False,True,2524,0.9258,outputs\onnx\task378.onnx,tried,H,object_copy_or_marker_paste
task379,13x13;13x18;17x12,13x13;13x18;17x12,True,False,False,True,False,3,3,0.3333,False,True,True,False,False,none,False,True,False,False,True,5364,1.6797,outputs\onnx\task379.onnx,tried,C,panel_selection_or_algebra
task380,3x3;3x3;3x3;3x3,3x3;3x3;3x3;3x3,True,False,False,True,False,4,4,0.0,False,True,True,True,False,none,False,False,False,False,False,149,0,outputs\onnx\task380.onnx,tried,C,panel_selection_or_algebra
task381,10x10;10x10;10x10,10x10;10x10;10x10,True,False,False,False,False,2,3,0.5,False,False,True,False,False,none,False,True,True,False,True,4709,1.5495,outputs\onnx\task381.onnx,tried,H,object_copy_or_marker_paste
task382,17x12;14x10;12x12,17x12;14x10;12x12,True,False,False,False,False,3,3,0.6667,False,False,True,False,True,none,False,True,False,False,True,54738,4.0026,outputs\onnx\task382.onnx,tried,E,hole_fill_or_enclosed_region
task383,19x13;15x17;16x18,19x13;15x17;16x18,True,False,False,False,False,6,6,0.3333,False,False,False,False,False,none,False,True,False,False,True,2829,1.0399,outputs\onnx\task383.onnx,tried,K,template_matching_or_finite_pattern
task384,9x9;9x9;9x9,6x8;6x6;8x6,False,True,False,False,False,2,2,0.0,False,False,True,True,False,none,False,False,False,False,True,1215,0.1947,outputs\onnx\task384.onnx,tried,B,bbox_crop_or_object_extraction
task385,10x4;10x4,10x4;10x4,True,False,False,False,False,6,6,0.8333,False,False,False,True,False,none,False,True,False,False,True,270,0,outputs\onnx\task385.onnx,tried,D,line_completion_or_projection
task386,4x7;4x7;4x7;4x7;4x7,4x3;4x3;4x3;4x3;4x3,False,True,False,True,False,4,2,0.0,False,True,True,True,True,none,False,False,True,False,False,339,0,outputs\onnx\task386.onnx,tried,B,bbox_crop_or_object_extraction
task387,14x14;17x14;17x16;17x16,14x14;17x14;17x16;17x16,True,False,False,False,False,6,7,0.8333,False,False,True,False,False,rotational,False,True,True,False,True,12790,2.5487,outputs\onnx\task387.onnx,tried,A,same_shape_local_mask_or_recolor
task388,3x3;6x6;2x2,6x6;12x12;4x4,False,False,True,False,True,4,5,0.0,False,False,True,False,False,rotational,False,False,True,False,False,1515,0.4154,outputs\onnx\task388.onnx,tried,I,color_role_remapping
task389,3x3;5x5;5x5,3x3;5x5;5x5,True,False,False,True,False,4,4,0.75,False,True,False,True,False,both,False,True,True,False,False,250,0,outputs\onnx\task389.onnx,tried,A,same_shape_local_mask_or_recolor
task390,15x15;15x15;15x15,15x15;15x15;15x15,True,False,False,False,False,3,3,0.6667,False,False,True,False,True,horizontal,False,False,False,False,True,5249,1.658,outputs\onnx\task390.onnx,tried,E,hole_fill_or_enclosed_region
task391,13x13;13x16;13x10;13x13,3x1;3x1;3x1;3x1,False,True,False,False,False,7,6,0.0,False,False,True,True,False,none,False,False,False,False,False,245,0,outputs\onnx\task391.onnx,tried,B,bbox_crop_or_object_extraction
task392,10x10;10x10;10x10,10x10;10x10;10x10,True,False,False,False,False,4,4,0.75,False,False,True,True,False,none,False,True,True,False,False,11286,2.4236,outputs\onnx\task392.onnx,tried,A,same_shape_local_mask_or_recolor
task393,12x12;12x12;12x12,3x1;3x1;3x1,False,True,False,False,False,7,6,0.0,False,False,True,True,False,none,False,False,False,True,False,245,0,outputs\onnx\task393.onnx,tried,B,bbox_crop_or_object_extraction
task394,5x5;4x4;7x7,2x2;1x1;2x2,False,True,False,True,False,6,4,0.0,False,True,False,True,False,none,False,False,False,False,False,311,0,outputs\onnx\task394.onnx,tried,C,panel_selection_or_algebra
task395,6x3;6x3;6x3;6x3;6x3,3x3;3x3;3x3;3x3;3x3,False,True,False,True,False,3,2,0.0,False,True,True,False,False,none,False,False,True,False,False,339,0,outputs\onnx\task395.onnx,tried,B,bbox_crop_or_object_extraction
task396,13x13;13x16;15x16,7x7;6x7;7x7,False,True,False,False,False,5,4,0.0,False,False,True,True,True,none,False,False,False,False,True,110040,4.7008,outputs\onnx\task396.onnx,tried,L,high_cost_representation_rewrite_candidate
task397,10x10;10x10;10x10,10x10;10x10;10x10,True,False,False,False,False,8,9,0.875,False,False,True,False,False,none,False,True,True,False,False,1099,0.0944,outputs\onnx\task397.onnx,tried,A,same_shape_local_mask_or_recolor
task398,1x5;1x5;1x5;1x5;1x5,10x10;5x5;15x15;15x15;5x5,False,False,True,True,False,8,8,0.0,False,True,True,False,True,both,False,False,False,False,False,6714,1.9042,outputs\onnx\task398.onnx,tried,C,panel_selection_or_algebra
task399,5x5;5x5;7x7;6x6;3x3;7x7;7x7;7x7,3x3;3x3;3x3;3x3;3x3;3x3;3x3;3x3,False,False,False,False,False,2,2,0.0,False,False,True,False,False,rotational,False,False,True,False,False,2144,0.7627,outputs\onnx\task399.onnx,tried,I,color_role_remapping
task400,24x24;24x24;24x24,5x5;5x5;5x5,False,True,False,False,False,7,4,0.0,False,False,True,True,True,none,False,False,False,False,True,345,0,outputs\onnx\task400.onnx,tried,B,bbox_crop_or_object_extraction
