split,case_index,bank_id,selected_index,selected_row,selected_col
train,0,0,16,1,3
train,0,1,15,1,3
train,0,2,0,0,0
train,0,3,0,0,0
train,1,0,30,2,4
train,1,1,0,0,0
train,1,2,0,0,0
train,1,3,0,0,0
train,2,0,80,6,2
train,2,1,74,6,2
train,2,2,68,6,2
train,2,3,0,0,0
test,0,0,15,1,2
test,0,1,14,1,2
test,0,2,13,1,2
test,0,3,12,1,2
arc-gen,0,0,66,5,1
arc-gen,0,1,61,5,1
arc-gen,0,2,0,0,0
arc-gen,0,3,0,0,0
arc-gen,1,0,96,7,5
arc-gen,1,1,0,0,0
arc-gen,1,2,0,0,0
arc-gen,1,3,0,0,0
arc-gen,2,0,82,6,4
arc-gen,2,1,0,0,0
arc-gen,2,2,0,0,0
arc-gen,2,3,0,0,0
arc-gen,3,0,42,3,3
arc-gen,3,1,39,3,3
arc-gen,3,2,36,3,3
arc-gen,3,3,0,0,0
arc-gen,4,0,46,3,7
arc-gen,4,1,43,3,7
arc-gen,4,2,0,0,0
arc-gen,4,3,0,0,0
arc-gen,5,0,110,8,6
arc-gen,5,1,102,8,6
arc-gen,5,2,0,0,0
arc-gen,5,3,0,0,0
arc-gen,6,0,47,3,8
arc-gen,6,1,44,3,8
arc-gen,6,2,41,3,8
arc-gen,6,3,38,3,8
arc-gen,7,0,106,8,2
arc-gen,7,1,98,8,2
arc-gen,7,2,0,0,0
arc-gen,7,3,0,0,0
arc-gen,8,0,70,5,5
arc-gen,8,1,65,5,5
arc-gen,8,2,60,5,5
arc-gen,8,3,0,0,0
arc-gen,9,0,66,5,1
arc-gen,9,1,61,5,1
arc-gen,9,2,0,0,0
arc-gen,9,3,0,0,0
arc-gen,10,0,57,4,5
arc-gen,10,1,0,0,0
arc-gen,10,2,0,0,0
arc-gen,10,3,0,0,0
arc-gen,11,0,44,3,5
arc-gen,11,1,41,3,5
arc-gen,11,2,0,0,0
arc-gen,11,3,0,0,0
arc-gen,12,0,106,8,2
arc-gen,12,1,98,8,2
arc-gen,12,2,90,8,2
arc-gen,12,3,0,0,0
arc-gen,13,0,122,9,5
arc-gen,13,1,0,0,0
arc-gen,13,2,0,0,0
arc-gen,13,3,0,0,0
arc-gen,14,0,122,9,5
arc-gen,14,1,113,9,5
arc-gen,14,2,0,0,0
arc-gen,14,3,0,0,0
arc-gen,15,0,56,4,4
arc-gen,15,1,52,4,4
arc-gen,15,2,48,4,4
arc-gen,15,3,44,4,4
arc-gen,16,0,106,8,2
arc-gen,16,1,98,8,2
arc-gen,16,2,0,0,0
arc-gen,16,3,0,0,0
arc-gen,17,0,67,5,2
arc-gen,17,1,0,0,0
arc-gen,17,2,0,0,0
arc-gen,17,3,0,0,0
arc-gen,18,0,45,3,6
arc-gen,18,1,42,3,6
arc-gen,18,2,39,3,6
arc-gen,18,3,0,0,0
arc-gen,19,0,120,9,3
arc-gen,19,1,111,9,3
arc-gen,19,2,0,0,0
arc-gen,19,3,0,0,0
arc-gen,20,0,29,2,3
arc-gen,20,1,0,0,0
arc-gen,20,2,0,0,0
arc-gen,20,3,0,0,0
arc-gen,21,0,41,3,2
arc-gen,21,1,38,3,2
arc-gen,21,2,35,3,2
arc-gen,21,3,32,3,2
arc-gen,22,0,53,4,1
arc-gen,22,1,49,4,1
arc-gen,22,2,0,0,0
arc-gen,22,3,0,0,0
arc-gen,23,0,80,6,2
arc-gen,23,1,74,6,2
arc-gen,23,2,68,6,2
arc-gen,23,3,62,6,2
arc-gen,24,0,72,5,7
arc-gen,24,1,67,5,7
arc-gen,24,2,62,5,7
arc-gen,24,3,0,0,0
arc-gen,25,0,45,3,6
arc-gen,25,1,42,3,6
arc-gen,25,2,39,3,6
arc-gen,25,3,0,0,0
arc-gen,26,0,14,1,1
arc-gen,26,1,13,1,1
arc-gen,26,2,12,1,1
arc-gen,26,3,11,1,1
arc-gen,27,0,28,2,2
arc-gen,27,1,26,2,2
arc-gen,27,2,0,0,0
arc-gen,27,3,0,0,0
arc-gen,28,0,41,3,2
arc-gen,28,1,38,3,2
arc-gen,28,2,0,0,0
arc-gen,28,3,0,0,0
arc-gen,29,0,70,5,5
arc-gen,29,1,65,5,5
arc-gen,29,2,60,5,5
arc-gen,29,3,0,0,0
arc-gen,30,0,14,1,1
arc-gen,30,1,13,1,1
arc-gen,30,2,12,1,1
arc-gen,30,3,0,0,0
arc-gen,31,0,54,4,2
arc-gen,31,1,50,4,2
arc-gen,31,2,46,4,2
arc-gen,31,3,42,4,2
arc-gen,32,0,48,3,9
arc-gen,32,1,45,3,9
arc-gen,32,2,0,0,0
arc-gen,32,3,0,0,0
arc-gen,33,0,29,2,3
arc-gen,33,1,27,2,3
arc-gen,33,2,25,2,3
arc-gen,33,3,0,0,0
arc-gen,34,0,31,2,5
arc-gen,34,1,29,2,5
arc-gen,34,2,27,2,5
arc-gen,34,3,25,2,5
arc-gen,35,0,30,2,4
arc-gen,35,1,28,2,4
arc-gen,35,2,26,2,4
arc-gen,35,3,24,2,4
arc-gen,36,0,29,2,3
arc-gen,36,1,27,2,3
arc-gen,36,2,25,2,3
arc-gen,36,3,23,2,3
arc-gen,37,0,121,9,4
arc-gen,37,1,112,9,4
arc-gen,37,2,0,0,0
arc-gen,37,3,0,0,0
arc-gen,38,0,27,2,1
arc-gen,38,1,25,2,1
arc-gen,38,2,0,0,0
arc-gen,38,3,0,0,0
arc-gen,39,0,58,4,6
arc-gen,39,1,54,4,6
arc-gen,39,2,50,4,6
arc-gen,39,3,0,0,0
arc-gen,40,0,55,4,3
arc-gen,40,1,51,4,3
arc-gen,40,2,0,0,0
arc-gen,40,3,0,0,0
arc-gen,41,0,53,4,1
arc-gen,41,1,49,4,1
arc-gen,41,2,0,0,0
arc-gen,41,3,0,0,0
arc-gen,42,0,121,9,4
arc-gen,42,1,0,0,0
arc-gen,42,2,0,0,0
arc-gen,42,3,0,0,0
arc-gen,43,0,106,8,2
arc-gen,43,1,98,8,2
arc-gen,43,2,90,8,2
arc-gen,43,3,0,0,0
arc-gen,44,0,66,5,1
arc-gen,44,1,61,5,1
arc-gen,44,2,56,5,1
arc-gen,44,3,51,5,1
arc-gen,45,0,48,3,9
arc-gen,45,1,0,0,0
arc-gen,45,2,0,0,0
arc-gen,45,3,0,0,0
arc-gen,46,0,92,7,1
arc-gen,46,1,0,0,0
arc-gen,46,2,0,0,0
arc-gen,46,3,0,0,0
arc-gen,47,0,44,3,5
arc-gen,47,1,41,3,5
arc-gen,47,2,38,3,5
arc-gen,47,3,35,3,5
arc-gen,48,0,28,2,2
arc-gen,48,1,0,0,0
arc-gen,48,2,0,0,0
arc-gen,48,3,0,0,0
arc-gen,49,0,24,1,11
arc-gen,49,1,0,0,0
arc-gen,49,2,0,0,0
arc-gen,49,3,0,0,0
arc-gen,50,0,70,5,5
arc-gen,50,1,65,5,5
arc-gen,50,2,60,5,5
arc-gen,50,3,55,5,5
arc-gen,51,0,83,6,5
arc-gen,51,1,77,6,5
arc-gen,51,2,71,6,5
arc-gen,51,3,0,0,0
arc-gen,52,0,66,5,1
arc-gen,52,1,0,0,0
arc-gen,52,2,0,0,0
arc-gen,52,3,0,0,0
arc-gen,53,0,42,3,3
arc-gen,53,1,39,3,3
arc-gen,53,2,36,3,3
arc-gen,53,3,0,0,0
arc-gen,54,0,56,4,4
arc-gen,54,1,0,0,0
arc-gen,54,2,0,0,0
arc-gen,54,3,0,0,0
arc-gen,55,0,40,3,1
arc-gen,55,1,37,3,1
arc-gen,55,2,34,3,1
arc-gen,55,3,31,3,1
arc-gen,56,0,18,1,5
arc-gen,56,1,17,1,5
arc-gen,56,2,16,1,5
arc-gen,56,3,0,0,0
arc-gen,57,0,16,1,3
arc-gen,57,1,15,1,3
arc-gen,57,2,14,1,3
arc-gen,57,3,0,0,0
arc-gen,58,0,68,5,3
arc-gen,58,1,0,0,0
arc-gen,58,2,0,0,0
arc-gen,58,3,0,0,0
arc-gen,59,0,58,4,6
arc-gen,59,1,54,4,6
arc-gen,59,2,50,4,6
arc-gen,59,3,46,4,6
arc-gen,60,0,14,1,1
arc-gen,60,1,0,0,0
arc-gen,60,2,0,0,0
arc-gen,60,3,0,0,0
arc-gen,61,0,125,9,8
arc-gen,61,1,116,9,8
arc-gen,61,2,0,0,0
arc-gen,61,3,0,0,0
arc-gen,62,0,44,3,5
arc-gen,62,1,41,3,5
arc-gen,62,2,38,3,5
arc-gen,62,3,0,0,0
arc-gen,63,0,28,2,2
arc-gen,63,1,26,2,2
arc-gen,63,2,24,2,2
arc-gen,63,3,0,0,0
arc-gen,64,0,87,6,9
arc-gen,64,1,0,0,0
arc-gen,64,2,0,0,0
arc-gen,64,3,0,0,0
arc-gen,65,0,66,5,1
arc-gen,65,1,61,5,1
arc-gen,65,2,56,5,1
arc-gen,65,3,51,5,1
arc-gen,66,0,32,2,6
arc-gen,66,1,0,0,0
arc-gen,66,2,0,0,0
arc-gen,66,3,0,0,0
arc-gen,67,0,58,4,6
arc-gen,67,1,54,4,6
arc-gen,67,2,50,4,6
arc-gen,67,3,46,4,6
arc-gen,68,0,46,3,7
arc-gen,68,1,43,3,7
arc-gen,68,2,0,0,0
arc-gen,68,3,0,0,0
arc-gen,69,0,80,6,2
arc-gen,69,1,74,6,2
arc-gen,69,2,68,6,2
arc-gen,69,3,0,0,0
arc-gen,70,0,28,2,2
arc-gen,70,1,26,2,2
arc-gen,70,2,0,0,0
arc-gen,70,3,0,0,0
arc-gen,71,0,41,3,2
arc-gen,71,1,38,3,2
arc-gen,71,2,35,3,2
arc-gen,71,3,32,3,2
arc-gen,72,0,67,5,2
arc-gen,72,1,62,5,2
arc-gen,72,2,0,0,0
arc-gen,72,3,0,0,0
arc-gen,73,0,58,4,6
arc-gen,73,1,0,0,0
arc-gen,73,2,0,0,0
arc-gen,73,3,0,0,0
arc-gen,74,0,66,5,1
arc-gen,74,1,61,5,1
arc-gen,74,2,56,5,1
arc-gen,74,3,0,0,0
arc-gen,75,0,18,1,5
arc-gen,75,1,17,1,5
arc-gen,75,2,16,1,5
arc-gen,75,3,0,0,0
arc-gen,76,0,18,1,5
arc-gen,76,1,17,1,5
arc-gen,76,2,0,0,0
arc-gen,76,3,0,0,0
arc-gen,77,0,70,5,5
arc-gen,77,1,65,5,5
arc-gen,77,2,60,5,5
arc-gen,77,3,0,0,0
arc-gen,78,0,92,7,1
arc-gen,78,1,85,7,1
arc-gen,78,2,0,0,0
arc-gen,78,3,0,0,0
arc-gen,79,0,94,7,3
arc-gen,79,1,87,7,3
arc-gen,79,2,80,7,3
arc-gen,79,3,0,0,0
arc-gen,80,0,97,7,6
arc-gen,80,1,90,7,6
arc-gen,80,2,0,0,0
arc-gen,80,3,0,0,0
arc-gen,81,0,18,1,5
arc-gen,81,1,17,1,5
arc-gen,81,2,16,1,5
arc-gen,81,3,0,0,0
arc-gen,82,0,92,7,1
arc-gen,82,1,85,7,1
arc-gen,82,2,78,7,1
arc-gen,82,3,0,0,0
arc-gen,83,0,29,2,3
arc-gen,83,1,27,2,3
arc-gen,83,2,0,0,0
arc-gen,83,3,0,0,0
arc-gen,84,0,79,6,1
arc-gen,84,1,73,6,1
arc-gen,84,2,67,6,1
arc-gen,84,3,61,6,1
arc-gen,85,0,28,2,2
arc-gen,85,1,26,2,2
arc-gen,85,2,24,2,2
arc-gen,85,3,22,2,2
arc-gen,86,0,66,5,1
arc-gen,86,1,61,5,1
arc-gen,86,2,56,5,1
arc-gen,86,3,51,5,1
arc-gen,87,0,66,5,1
arc-gen,87,1,61,5,1
arc-gen,87,2,56,5,1
arc-gen,87,3,51,5,1
arc-gen,88,0,94,7,3
arc-gen,88,1,87,7,3
arc-gen,88,2,0,0,0
arc-gen,88,3,0,0,0
arc-gen,89,0,69,5,4
arc-gen,89,1,64,5,4
arc-gen,89,2,0,0,0
arc-gen,89,3,0,0,0
arc-gen,90,0,28,2,2
arc-gen,90,1,26,2,2
arc-gen,90,2,24,2,2
arc-gen,90,3,22,2,2
arc-gen,91,0,33,2,7
arc-gen,91,1,31,2,7
arc-gen,91,2,29,2,7
arc-gen,91,3,0,0,0
arc-gen,92,0,80,6,2
arc-gen,92,1,74,6,2
arc-gen,92,2,0,0,0
arc-gen,92,3,0,0,0
arc-gen,93,0,125,9,8
arc-gen,93,1,0,0,0
arc-gen,93,2,0,0,0
arc-gen,93,3,0,0,0
arc-gen,94,0,27,2,1
arc-gen,94,1,25,2,1
arc-gen,94,2,23,2,1
arc-gen,94,3,0,0,0
arc-gen,95,0,94,7,3
arc-gen,95,1,0,0,0
arc-gen,95,2,0,0,0
arc-gen,95,3,0,0,0
arc-gen,96,0,40,3,1
arc-gen,96,1,37,3,1
arc-gen,96,2,34,3,1
arc-gen,96,3,31,3,1
arc-gen,97,0,74,5,9
arc-gen,97,1,0,0,0
arc-gen,97,2,0,0,0
arc-gen,97,3,0,0,0
arc-gen,98,0,95,7,4
arc-gen,98,1,88,7,4
arc-gen,98,2,0,0,0
arc-gen,98,3,0,0,0
arc-gen,99,0,30,2,4
arc-gen,99,1,28,2,4
arc-gen,99,2,26,2,4
arc-gen,99,3,0,0,0
arc-gen,100,0,58,4,6
arc-gen,100,1,54,4,6
arc-gen,100,2,50,4,6
arc-gen,100,3,0,0,0
arc-gen,101,0,40,3,1
arc-gen,101,1,37,3,1
arc-gen,101,2,34,3,1
arc-gen,101,3,31,3,1
arc-gen,102,0,122,9,5
arc-gen,102,1,113,9,5
arc-gen,102,2,0,0,0
arc-gen,102,3,0,0,0
arc-gen,103,0,81,6,3
arc-gen,103,1,75,6,3
arc-gen,103,2,0,0,0
arc-gen,103,3,0,0,0
arc-gen,104,0,27,2,1
arc-gen,104,1,25,2,1
arc-gen,104,2,23,2,1
arc-gen,104,3,21,2,1
arc-gen,105,0,69,5,4
arc-gen,105,1,64,5,4
arc-gen,105,2,59,5,4
arc-gen,105,3,0,0,0
arc-gen,106,0,46,3,7
arc-gen,106,1,43,3,7
arc-gen,106,2,0,0,0
arc-gen,106,3,0,0,0
arc-gen,107,0,16,1,3
arc-gen,107,1,15,1,3
arc-gen,107,2,14,1,3
arc-gen,107,3,0,0,0
arc-gen,108,0,17,1,4
arc-gen,108,1,16,1,4
arc-gen,108,2,0,0,0
arc-gen,108,3,0,0,0
arc-gen,109,0,32,2,6
arc-gen,109,1,30,2,6
arc-gen,109,2,28,2,6
arc-gen,109,3,26,2,6
arc-gen,110,0,45,3,6
arc-gen,110,1,0,0,0
arc-gen,110,2,0,0,0
arc-gen,110,3,0,0,0
arc-gen,111,0,32,2,6
arc-gen,111,1,30,2,6
arc-gen,111,2,0,0,0
arc-gen,111,3,0,0,0
arc-gen,112,0,15,1,2
arc-gen,112,1,14,1,2
arc-gen,112,2,13,1,2
arc-gen,112,3,12,1,2
arc-gen,113,0,44,3,5
arc-gen,113,1,41,3,5
arc-gen,113,2,38,3,5
arc-gen,113,3,35,3,5
arc-gen,114,0,31,2,5
arc-gen,114,1,29,2,5
arc-gen,114,2,27,2,5
arc-gen,114,3,0,0,0
arc-gen,115,0,42,3,3
arc-gen,115,1,39,3,3
arc-gen,115,2,36,3,3
arc-gen,115,3,33,3,3
arc-gen,116,0,107,8,3
arc-gen,116,1,99,8,3
arc-gen,116,2,91,8,3
arc-gen,116,3,0,0,0
arc-gen,117,0,28,2,2
arc-gen,117,1,0,0,0
arc-gen,117,2,0,0,0
arc-gen,117,3,0,0,0
arc-gen,118,0,73,5,8
arc-gen,118,1,68,5,8
arc-gen,118,2,63,5,8
arc-gen,118,3,0,0,0
arc-gen,119,0,54,4,2
arc-gen,119,1,50,4,2
arc-gen,119,2,46,4,2
arc-gen,119,3,0,0,0
arc-gen,120,0,120,9,3
arc-gen,120,1,111,9,3
arc-gen,120,2,102,9,3
arc-gen,120,3,0,0,0
arc-gen,121,0,16,1,3
arc-gen,121,1,15,1,3
arc-gen,121,2,14,1,3
arc-gen,121,3,13,1,3
arc-gen,122,0,53,4,1
arc-gen,122,1,49,4,1
arc-gen,122,2,45,4,1
arc-gen,122,3,41,4,1
arc-gen,123,0,15,1,2
arc-gen,123,1,14,1,2
arc-gen,123,2,13,1,2
arc-gen,123,3,0,0,0
arc-gen,124,0,27,2,1
arc-gen,124,1,25,2,1
arc-gen,124,2,0,0,0
arc-gen,124,3,0,0,0
arc-gen,125,0,66,5,1
arc-gen,125,1,61,5,1
arc-gen,125,2,56,5,1
arc-gen,125,3,51,5,1
arc-gen,126,0,82,6,4
arc-gen,126,1,76,6,4
arc-gen,126,2,0,0,0
arc-gen,126,3,0,0,0
arc-gen,127,0,83,6,5
arc-gen,127,1,77,6,5
arc-gen,127,2,0,0,0
arc-gen,127,3,0,0,0
arc-gen,128,0,81,6,3
arc-gen,128,1,0,0,0
arc-gen,128,2,0,0,0
arc-gen,128,3,0,0,0
arc-gen,129,0,20,1,7
arc-gen,129,1,19,1,7
arc-gen,129,2,0,0,0
arc-gen,129,3,0,0,0
arc-gen,130,0,54,4,2
arc-gen,130,1,50,4,2
arc-gen,130,2,0,0,0
arc-gen,130,3,0,0,0
arc-gen,131,0,87,6,9
arc-gen,131,1,81,6,9
arc-gen,131,2,75,6,9
arc-gen,131,3,0,0,0
arc-gen,132,0,67,5,2
arc-gen,132,1,62,5,2
arc-gen,132,2,57,5,2
arc-gen,132,3,52,5,2
arc-gen,133,0,82,6,4
arc-gen,133,1,76,6,4
arc-gen,133,2,70,6,4
arc-gen,133,3,64,6,4
arc-gen,134,0,40,3,1
arc-gen,134,1,37,3,1
arc-gen,134,2,34,3,1
arc-gen,134,3,0,0,0
arc-gen,135,0,106,8,2
arc-gen,135,1,98,8,2
arc-gen,135,2,90,8,2
arc-gen,135,3,82,8,2
arc-gen,136,0,94,7,3
arc-gen,136,1,87,7,3
arc-gen,136,2,80,7,3
arc-gen,136,3,0,0,0
arc-gen,137,0,41,3,2
arc-gen,137,1,38,3,2
arc-gen,137,2,35,3,2
arc-gen,137,3,32,3,2
arc-gen,138,0,80,6,2
arc-gen,138,1,74,6,2
arc-gen,138,2,68,6,2
arc-gen,138,3,62,6,2
arc-gen,139,0,144,11,1
arc-gen,139,1,0,0,0
arc-gen,139,2,0,0,0
arc-gen,139,3,0,0,0
arc-gen,140,0,68,5,3
arc-gen,140,1,63,5,3
arc-gen,140,2,0,0,0
arc-gen,140,3,0,0,0
arc-gen,141,0,124,9,7
arc-gen,141,1,0,0,0
arc-gen,141,2,0,0,0
arc-gen,141,3,0,0,0
arc-gen,142,0,21,1,8
arc-gen,142,1,20,1,8
arc-gen,142,2,0,0,0
arc-gen,142,3,0,0,0
arc-gen,143,0,29,2,3
arc-gen,143,1,27,2,3
arc-gen,143,2,25,2,3
arc-gen,143,3,0,0,0
arc-gen,144,0,53,4,1
arc-gen,144,1,0,0,0
arc-gen,144,2,0,0,0
arc-gen,144,3,0,0,0
arc-gen,145,0,79,6,1
arc-gen,145,1,73,6,1
arc-gen,145,2,67,6,1
arc-gen,145,3,0,0,0
arc-gen,146,0,81,6,3
arc-gen,146,1,75,6,3
arc-gen,146,2,69,6,3
arc-gen,146,3,63,6,3
arc-gen,147,0,59,4,7
arc-gen,147,1,55,4,7
arc-gen,147,2,0,0,0
arc-gen,147,3,0,0,0
arc-gen,148,0,59,4,7
arc-gen,148,1,55,4,7
arc-gen,148,2,51,4,7
arc-gen,148,3,47,4,7
arc-gen,149,0,41,3,2
arc-gen,149,1,38,3,2
arc-gen,149,2,35,3,2
arc-gen,149,3,0,0,0
arc-gen,150,0,14,1,1
arc-gen,150,1,13,1,1
arc-gen,150,2,12,1,1
arc-gen,150,3,11,1,1
arc-gen,151,0,84,6,6
arc-gen,151,1,0,0,0
arc-gen,151,2,0,0,0
arc-gen,151,3,0,0,0
arc-gen,152,0,95,7,4
arc-gen,152,1,88,7,4
arc-gen,152,2,81,7,4
arc-gen,152,3,0,0,0
arc-gen,153,0,30,2,4
arc-gen,153,1,28,2,4
arc-gen,153,2,26,2,4
arc-gen,153,3,24,2,4
arc-gen,154,0,67,5,2
arc-gen,154,1,62,5,2
arc-gen,154,2,57,5,2
arc-gen,154,3,52,5,2
arc-gen,155,0,107,8,3
arc-gen,155,1,99,8,3
arc-gen,155,2,91,8,3
arc-gen,155,3,0,0,0
arc-gen,156,0,29,2,3
arc-gen,156,1,27,2,3
arc-gen,156,2,0,0,0
arc-gen,156,3,0,0,0
arc-gen,157,0,53,4,1
arc-gen,157,1,49,4,1
arc-gen,157,2,45,4,1
arc-gen,157,3,41,4,1
arc-gen,158,0,18,1,5
arc-gen,158,1,0,0,0
arc-gen,158,2,0,0,0
arc-gen,158,3,0,0,0
arc-gen,159,0,14,1,1
arc-gen,159,1,13,1,1
arc-gen,159,2,12,1,1
arc-gen,159,3,0,0,0
arc-gen,160,0,94,7,3
arc-gen,160,1,0,0,0
arc-gen,160,2,0,0,0
arc-gen,160,3,0,0,0
arc-gen,161,0,94,7,3
arc-gen,161,1,87,7,3
arc-gen,161,2,0,0,0
arc-gen,161,3,0,0,0
arc-gen,162,0,70,5,5
arc-gen,162,1,0,0,0
arc-gen,162,2,0,0,0
arc-gen,162,3,0,0,0
arc-gen,163,0,32,2,6
arc-gen,163,1,30,2,6
arc-gen,163,2,0,0,0
arc-gen,163,3,0,0,0
arc-gen,164,0,94,7,3
arc-gen,164,1,87,7,3
arc-gen,164,2,80,7,3
arc-gen,164,3,0,0,0
arc-gen,165,0,20,1,7
arc-gen,165,1,0,0,0
arc-gen,165,2,0,0,0
arc-gen,165,3,0,0,0
arc-gen,166,0,79,6,1
arc-gen,166,1,73,6,1
arc-gen,166,2,0,0,0
arc-gen,166,3,0,0,0
arc-gen,167,0,45,3,6
arc-gen,167,1,42,3,6
arc-gen,167,2,39,3,6
arc-gen,167,3,0,0,0
arc-gen,168,0,18,1,5
arc-gen,168,1,17,1,5
arc-gen,168,2,16,1,5
arc-gen,168,3,15,1,5
arc-gen,169,0,32,2,6
arc-gen,169,1,30,2,6
arc-gen,169,2,0,0,0
arc-gen,169,3,0,0,0
arc-gen,170,0,32,2,6
arc-gen,170,1,30,2,6
arc-gen,170,2,28,2,6
arc-gen,170,3,0,0,0
arc-gen,171,0,43,3,4
arc-gen,171,1,40,3,4
arc-gen,171,2,0,0,0
arc-gen,171,3,0,0,0
arc-gen,172,0,42,3,3
arc-gen,172,1,39,3,3
arc-gen,172,2,36,3,3
arc-gen,172,3,0,0,0
arc-gen,173,0,29,2,3
arc-gen,173,1,0,0,0
arc-gen,173,2,0,0,0
arc-gen,173,3,0,0,0
arc-gen,174,0,58,4,6
arc-gen,174,1,0,0,0
arc-gen,174,2,0,0,0
arc-gen,174,3,0,0,0
arc-gen,175,0,15,1,2
arc-gen,175,1,14,1,2
arc-gen,175,2,13,1,2
arc-gen,175,3,12,1,2
arc-gen,176,0,92,7,1
arc-gen,176,1,0,0,0
arc-gen,176,2,0,0,0
arc-gen,176,3,0,0,0
arc-gen,177,0,15,1,2
arc-gen,177,1,0,0,0
arc-gen,177,2,0,0,0
arc-gen,177,3,0,0,0
arc-gen,178,0,20,1,7
arc-gen,178,1,19,1,7
arc-gen,178,2,18,1,7
arc-gen,178,3,17,1,7
arc-gen,179,0,40,3,1
arc-gen,179,1,37,3,1
arc-gen,179,2,0,0,0
arc-gen,179,3,0,0,0
arc-gen,180,0,56,4,4
arc-gen,180,1,52,4,4
arc-gen,180,2,0,0,0
arc-gen,180,3,0,0,0
arc-gen,181,0,95,7,4
arc-gen,181,1,88,7,4
arc-gen,181,2,0,0,0
arc-gen,181,3,0,0,0
arc-gen,182,0,72,5,7
arc-gen,182,1,67,5,7
arc-gen,182,2,0,0,0
arc-gen,182,3,0,0,0
arc-gen,183,0,53,4,1
arc-gen,183,1,0,0,0
arc-gen,183,2,0,0,0
arc-gen,183,3,0,0,0
arc-gen,184,0,53,4,1
arc-gen,184,1,49,4,1
arc-gen,184,2,45,4,1
arc-gen,184,3,41,4,1
arc-gen,185,0,32,2,6
arc-gen,185,1,30,2,6
arc-gen,185,2,28,2,6
arc-gen,185,3,26,2,6
arc-gen,186,0,58,4,6
arc-gen,186,1,54,4,6
arc-gen,186,2,0,0,0
arc-gen,186,3,0,0,0
arc-gen,187,0,41,3,2
arc-gen,187,1,38,3,2
arc-gen,187,2,35,3,2
arc-gen,187,3,0,0,0
arc-gen,188,0,121,9,4
arc-gen,188,1,112,9,4
arc-gen,188,2,0,0,0
arc-gen,188,3,0,0,0
arc-gen,189,0,106,8,2
arc-gen,189,1,98,8,2
arc-gen,189,2,0,0,0
arc-gen,189,3,0,0,0
arc-gen,190,0,95,7,4
arc-gen,190,1,88,7,4
arc-gen,190,2,81,7,4
arc-gen,190,3,0,0,0
arc-gen,191,0,29,2,3
arc-gen,191,1,27,2,3
arc-gen,191,2,25,2,3
arc-gen,191,3,0,0,0
arc-gen,192,0,31,2,5
arc-gen,192,1,0,0,0
arc-gen,192,2,0,0,0
arc-gen,192,3,0,0,0
arc-gen,193,0,29,2,3
arc-gen,193,1,27,2,3
arc-gen,193,2,25,2,3
arc-gen,193,3,23,2,3
arc-gen,194,0,40,3,1
arc-gen,194,1,0,0,0
arc-gen,194,2,0,0,0
arc-gen,194,3,0,0,0
arc-gen,195,0,31,2,5
arc-gen,195,1,29,2,5
arc-gen,195,2,27,2,5
arc-gen,195,3,0,0,0
arc-gen,196,0,83,6,5
arc-gen,196,1,77,6,5
arc-gen,196,2,0,0,0
arc-gen,196,3,0,0,0
arc-gen,197,0,66,5,1
arc-gen,197,1,0,0,0
arc-gen,197,2,0,0,0
arc-gen,197,3,0,0,0
arc-gen,198,0,108,8,4
arc-gen,198,1,100,8,4
arc-gen,198,2,0,0,0
arc-gen,198,3,0,0,0
arc-gen,199,0,124,9,7
arc-gen,199,1,0,0,0
arc-gen,199,2,0,0,0
arc-gen,199,3,0,0,0
arc-gen,200,0,54,4,2
arc-gen,200,1,50,4,2
arc-gen,200,2,46,4,2
arc-gen,200,3,0,0,0
arc-gen,201,0,68,5,3
arc-gen,201,1,63,5,3
arc-gen,201,2,58,5,3
arc-gen,201,3,0,0,0
arc-gen,202,0,18,1,5
arc-gen,202,1,17,1,5
arc-gen,202,2,16,1,5
arc-gen,202,3,15,1,5
arc-gen,203,0,95,7,4
arc-gen,203,1,88,7,4
arc-gen,203,2,0,0,0
arc-gen,203,3,0,0,0
arc-gen,204,0,95,7,4
arc-gen,204,1,0,0,0
arc-gen,204,2,0,0,0
arc-gen,204,3,0,0,0
arc-gen,205,0,28,2,2
arc-gen,205,1,26,2,2
arc-gen,205,2,24,2,2
arc-gen,205,3,0,0,0
arc-gen,206,0,43,3,4
arc-gen,206,1,0,0,0
arc-gen,206,2,0,0,0
arc-gen,206,3,0,0,0
arc-gen,207,0,45,3,6
arc-gen,207,1,42,3,6
arc-gen,207,2,39,3,6
arc-gen,207,3,36,3,6
arc-gen,208,0,60,4,8
arc-gen,208,1,0,0,0
arc-gen,208,2,0,0,0
arc-gen,208,3,0,0,0
arc-gen,209,0,19,1,6
arc-gen,209,1,18,1,6
arc-gen,209,2,17,1,6
arc-gen,209,3,0,0,0
arc-gen,210,0,67,5,2
arc-gen,210,1,0,0,0
arc-gen,210,2,0,0,0
arc-gen,210,3,0,0,0
arc-gen,211,0,68,5,3
arc-gen,211,1,63,5,3
arc-gen,211,2,58,5,3
arc-gen,211,3,0,0,0
arc-gen,212,0,44,3,5
arc-gen,212,1,41,3,5
arc-gen,212,2,0,0,0
arc-gen,212,3,0,0,0
arc-gen,213,0,95,7,4
arc-gen,213,1,0,0,0
arc-gen,213,2,0,0,0
arc-gen,213,3,0,0,0
arc-gen,214,0,46,3,7
arc-gen,214,1,0,0,0
arc-gen,214,2,0,0,0
arc-gen,214,3,0,0,0
arc-gen,215,0,53,4,1
arc-gen,215,1,49,4,1
arc-gen,215,2,45,4,1
arc-gen,215,3,41,4,1
arc-gen,216,0,28,2,2
arc-gen,216,1,26,2,2
arc-gen,216,2,24,2,2
arc-gen,216,3,22,2,2
arc-gen,217,0,41,3,2
arc-gen,217,1,38,3,2
arc-gen,217,2,35,3,2
arc-gen,217,3,32,3,2
arc-gen,218,0,32,2,6
arc-gen,218,1,30,2,6
arc-gen,218,2,28,2,6
arc-gen,218,3,26,2,6
arc-gen,219,0,20,1,7
arc-gen,219,1,19,1,7
arc-gen,219,2,18,1,7
arc-gen,219,3,0,0,0
arc-gen,220,0,15,1,2
arc-gen,220,1,0,0,0
arc-gen,220,2,0,0,0
arc-gen,220,3,0,0,0
arc-gen,221,0,112,8,8
arc-gen,221,1,104,8,8
arc-gen,221,2,96,8,8
arc-gen,221,3,0,0,0
arc-gen,222,0,45,3,6
arc-gen,222,1,42,3,6
arc-gen,222,2,39,3,6
arc-gen,222,3,0,0,0
arc-gen,223,0,43,3,4
arc-gen,223,1,40,3,4
arc-gen,223,2,37,3,4
arc-gen,223,3,0,0,0
arc-gen,224,0,42,3,3
arc-gen,224,1,39,3,3
arc-gen,224,2,36,3,3
arc-gen,224,3,0,0,0
arc-gen,225,0,81,6,3
arc-gen,225,1,75,6,3
arc-gen,225,2,69,6,3
arc-gen,225,3,63,6,3
arc-gen,226,0,40,3,1
arc-gen,226,1,37,3,1
arc-gen,226,2,34,3,1
arc-gen,226,3,31,3,1
arc-gen,227,0,81,6,3
arc-gen,227,1,75,6,3
arc-gen,227,2,69,6,3
arc-gen,227,3,0,0,0
arc-gen,228,0,94,7,3
arc-gen,228,1,87,7,3
arc-gen,228,2,0,0,0
arc-gen,228,3,0,0,0
arc-gen,229,0,132,10,2
arc-gen,229,1,0,0,0
arc-gen,229,2,0,0,0
arc-gen,229,3,0,0,0
arc-gen,230,0,97,7,6
arc-gen,230,1,0,0,0
arc-gen,230,2,0,0,0
arc-gen,230,3,0,0,0
arc-gen,231,0,54,4,2
arc-gen,231,1,50,4,2
arc-gen,231,2,0,0,0
arc-gen,231,3,0,0,0
arc-gen,232,0,40,3,1
arc-gen,232,1,0,0,0
arc-gen,232,2,0,0,0
arc-gen,232,3,0,0,0
arc-gen,233,0,105,8,1
arc-gen,233,1,97,8,1
arc-gen,233,2,89,8,1
arc-gen,233,3,81,8,1
arc-gen,234,0,42,3,3
arc-gen,234,1,39,3,3
arc-gen,234,2,36,3,3
arc-gen,234,3,0,0,0
arc-gen,235,0,136,10,6
arc-gen,235,1,0,0,0
arc-gen,235,2,0,0,0
arc-gen,235,3,0,0,0
arc-gen,236,0,150,11,7
arc-gen,236,1,0,0,0
arc-gen,236,2,0,0,0
arc-gen,236,3,0,0,0
arc-gen,237,0,54,4,2
arc-gen,237,1,50,4,2
arc-gen,237,2,46,4,2
arc-gen,237,3,42,4,2
arc-gen,238,0,14,1,1
arc-gen,238,1,13,1,1
arc-gen,238,2,0,0,0
arc-gen,238,3,0,0,0
arc-gen,239,0,32,2,6
arc-gen,239,1,0,0,0
arc-gen,239,2,0,0,0
arc-gen,239,3,0,0,0
arc-gen,240,0,67,5,2
arc-gen,240,1,62,5,2
arc-gen,240,2,57,5,2
arc-gen,240,3,52,5,2
arc-gen,241,0,18,1,5
arc-gen,241,1,0,0,0
arc-gen,241,2,0,0,0
arc-gen,241,3,0,0,0
arc-gen,242,0,66,5,1
arc-gen,242,1,61,5,1
arc-gen,242,2,0,0,0
arc-gen,242,3,0,0,0
arc-gen,243,0,68,5,3
arc-gen,243,1,63,5,3
arc-gen,243,2,58,5,3
arc-gen,243,3,53,5,3
arc-gen,244,0,66,5,1
arc-gen,244,1,61,5,1
arc-gen,244,2,56,5,1
arc-gen,244,3,51,5,1
arc-gen,245,0,121,9,4
arc-gen,245,1,112,9,4
arc-gen,245,2,0,0,0
arc-gen,245,3,0,0,0
arc-gen,246,0,57,4,5
arc-gen,246,1,53,4,5
arc-gen,246,2,0,0,0
arc-gen,246,3,0,0,0
arc-gen,247,0,17,1,4
arc-gen,247,1,16,1,4
arc-gen,247,2,0,0,0
arc-gen,247,3,0,0,0
arc-gen,248,0,29,2,3
arc-gen,248,1,27,2,3
arc-gen,248,2,25,2,3
arc-gen,248,3,0,0,0
arc-gen,249,0,29,2,3
arc-gen,249,1,27,2,3
arc-gen,249,2,25,2,3
arc-gen,249,3,0,0,0
arc-gen,250,0,29,2,3
arc-gen,250,1,27,2,3
arc-gen,250,2,25,2,3
arc-gen,250,3,23,2,3
arc-gen,251,0,71,5,6
arc-gen,251,1,66,5,6
arc-gen,251,2,61,5,6
arc-gen,251,3,0,0,0
arc-gen,252,0,27,2,1
arc-gen,252,1,25,2,1
arc-gen,252,2,23,2,1
arc-gen,252,3,0,0,0
arc-gen,253,0,29,2,3
arc-gen,253,1,0,0,0
arc-gen,253,2,0,0,0
arc-gen,253,3,0,0,0
arc-gen,254,0,31,2,5
arc-gen,254,1,29,2,5
arc-gen,254,2,27,2,5
arc-gen,254,3,25,2,5
arc-gen,255,0,83,6,5
arc-gen,255,1,0,0,0
arc-gen,255,2,0,0,0
arc-gen,255,3,0,0,0
arc-gen,256,0,19,1,6
arc-gen,256,1,18,1,6
arc-gen,256,2,17,1,6
arc-gen,256,3,0,0,0
arc-gen,257,0,53,4,1
arc-gen,257,1,49,4,1
arc-gen,257,2,0,0,0
arc-gen,257,3,0,0,0
arc-gen,258,0,80,6,2
arc-gen,258,1,74,6,2
arc-gen,258,2,0,0,0
arc-gen,258,3,0,0,0
arc-gen,259,0,27,2,1
arc-gen,259,1,25,2,1
arc-gen,259,2,23,2,1
arc-gen,259,3,21,2,1
arc-gen,260,0,74,5,9
arc-gen,260,1,69,5,9
arc-gen,260,2,64,5,9
arc-gen,260,3,0,0,0
arc-gen,261,0,43,3,4
arc-gen,261,1,40,3,4
arc-gen,261,2,37,3,4
arc-gen,261,3,34,3,4
